KitSKU,Kit79,KitName,InspStat,SNCount,20202021ShipmentCount,20202021PeriodLowTurn,20192020ShipmentCount,20192020PeriodLowTurn,20182019ShipmentCount,20182019PeriodLowTurn,OverallLowTurn,PotentialStockRedundancy,RedundantAmount,Unit,l,w,h,Space,Breakdown,PSCKits,PSCSpaceNeed,HOUKits,HOUSpaceNeed,TruckUse
78029506,,"""A"" Set Supplemental Kit",General,3,0,X,0,X,0,X,X,X,2,in,*,*,*,105,Split,2,210,1,105,
78052118,,"Tent with 40' Canopy Cover Kit, BigTop 80' x 36' x 19';",General,1,1,X,1,X,0,X,X,,1,ft,40,8,9.5,320,Split,1,320,0,0,1
7800357,,OUT-OF-SHELL COOLER BUNDLE CLEANING KIT WITH 28' VAT  10 PCS @ 15820-LBS,Oil Flush,1,2,X,1,X,0,X,X,,1,in,336,96,86,224,PSC,1,224,,0,1
7800100,,2300 GPM OIL FILTRATION PUMP WITH DIESEL PUMP,Oil Flush,1,2,X,2,X,1,X,X,,1,in,138,54,86,51.75,PSC,1,51.75,,0,1
78051606,,8000H Upper Manway Jack Kit,8000H,5,0,X,0,X,0,X,X,X,5,in,48,24,24,8,PSC,4,32,,0,
78053780,,8000H Support Housing Handling Kit.,8000H,2,2,X,0,X,0,X,X,,2,in,32,19,13,4.22,PSC,1,4.22,,0,
78056401,,8000H VGV/IGV Lifting Device SE-HFSP-041,8000H,2,0,X,0,X,0,X,X,X,2,in,72,24,17,12,PSC,1,12,,0,
78063678,,"8000H TEC Lifting Device Kit, TLD30",8000H,3,0,X,0,X,0,X,X,X,3,in,127,48,79,42.33,PSC,2,84.67,,0,
78056742,,"8000H Casing Guide Pin Kit, 68KH00-TLD31-A01-A01",8000H,4,13,,5,,0,X,,,,in,37,31,12,7.97,PSC,4,31.86,,0,
78059413,,8000H TEC Manway Lifting Beam Kit,8000H,3,10,,3,,0,X,,,,in,94,24,22,15.67,PSC,3,47,,0,
78064380,,"8000H Drill Plate Kit, TLM20",8000H,2,1,X,0,X,0,X,X,X,2,in,18,18,10,2.25,PSC,1,2.25,,0,
7800214,,DIGITAL THERMOMETER OMEGA DP41-TC,Electronics,6,1,X,2,X,1,X,X,X,6,in,19,15,8,1.98,PSC,4,7.92,,0,
78046422,,"Rotor Rolling Kit, Nut Runner Style, for Horizontal and Vertical Turning Gear Motor, Dwg. PH6D0715",General,4,1,X,1,X,1,X,X,X,2,in,24,21,24,3.5,Split,1,3.5,1,3.5,
78087508,,"Hoist Kit for Containerized Type ""A Tool Set (in Kit 7800198)",General,28,0,X,0,X,0,X,X,X,14,in,72,40,60,20,Split,20,400,20,400,
79003379,X,Fall Protection Kit for Metric A-Set (78080607),General,2,0,X,0,X,0,X,X,X,1,in,12,18,12,1.5,Split,1,1.5,0,0,
78063608,,"8000H HCO Trolley Hydraulic Pump Kit, TLC21, DPPPG-70001918, P0001074600, P0002281500",8000H,2,6,,0,X,0,X,,,,in,42,19,24,5.54,PSC,3,16.63,,0,
78063631,,"8000H Assembly Lock for Turbine Bearing Casing, TLD36",8000H,1,2,X,0,X,0,X,X,,,in,90,20,18,12.5,PSC,0,0,,0,
79004250,X,BB 296/96 Generator Bearing Bracket Accessory kit,General,6,2,X,1,X,0,X,X,X,3,in,50,30,48,10.42,Split,2,20.83,1,10.42,
78087513,,"Precision Kit for Containerized Type ""A"" Tool Set (in Kit 7800198)",Precision,24,0,X,0,X,0,X,X,X,12,in,44,24,49,7.33,Split,16,117.33,15,110,
7800249,,"GENERATOR EXPENDABLE MATERIALS KIT ""B""(MEDIUM KIT)      48""x48""x28"";  40""x48""x48"";   40""x48""x64""",General,2,0,X,1,X,1,X,X,X,1,in,0,0,0,0,Split,0,0,0,0,
7800228,,EXPENDABLE OFFICE SUPPLY KIT,General,2,1,X,1,X,1,X,X,,1,in,24,12,12,2,Split,0,0,0,0,
78064368,,"8000H CED Measurement Kit, 58KH01-TLM20-A01-A01",8000H,2,3,,1,X,0,X,,,,in,11,10,5,0.76,PSC,3,2.29,,0,
7800248,,"GENERATOR EXPENDABLE MATERIALS KIT ""A""(SMALL KIT)",General,4,0,X,0,X,0,X,X,X,2,in,40,48,24,13.33,Split,0,0,0,0,
7800250,,"GENERATOR EXPENDABLE MATERIALS KIT ""C""(LARGE KIT)   3 pcs.- 48""x48""x28""; 1pc. 40""x48""x50""; 1 pc. 40""x48""x64""",General,9,0,X,0,X,0,X,X,X,5,in,0,0,0,0,Split,0,0,0,0,
78064404,,"8000H Special Tools, Initial Assembly, TLC12, P0000553200",8000H,1,3,,1,X,0,X,,,,in,48,25,30,8.33,PSC,1,8.33,,0,
78064430,,20 Ton Chainfall Kit (for 8000H/9000HL Only),8000H,3,11,,4,,0,X,,,,in,71,49,30,24.16,PSC,3,72.48,,0,
78066416,,"8000H Maintenance Casing Support Kit, 68KH00-TLD05-A01-A01, P0025279100",8000H,3,15,,5,,0,X,,,,in,96,48,29,32,PSC,3,96,,0,
7800396,,SAFETY KIT (For International Use Only ),General,1,0,X,1,X,2,X,X,,1,in,25,21,12,3.65,Split,0,0,0,0,
78067926,,8000H Inlet Bearing Come Along Kit,8000H,4,6,,3,,0,X,,,,in,18,10,10,1.25,PSC,4,5,,0,
78068188,,8000H Lower Burners Handling Trolley Kit SPG-100-1121,8000H,6,11,,5,,0,X,,,,in,72,24,29,12,PSC,4,48,,0,
7800418,,"SUPPLEMENTAL SAFETY KIT - International Use Only - 25""x20""x13"";   40""x48""x35""",General,1,0,X,0,X,0,X,X,,1,in,25,20,13,3.47,Split,0,0,0,0,
78032160,,Site Bolt Cleaning Kit,General,1,1,X,1,X,0,X,X,,1,in,148,51,55,52.42,Split,0,0,1,52.42,
78035305,,"Human Performance Supplemental, 15 per shift / 30 total / 1 week - KIT INVENTORY ONLY - NOT TO BE USED WHEN PLACING AN ORDER ""INTERNATIONAL USE ONLY"" - USE SKU 78092609 FOR DOMESTIC ORDER",General,4,1,X,3,,4,,,X,0,in,0,0,0,0,Split,0,0,0,0,
78052681,,Energy Solutions Project Safety Equipment Startup Expendable Kit,General,5,0,X,0,X,0,X,X,X,3,in,30,30,30,6.25,Split,0,0,0,0,
78071585,,"8000H Thrust Bearing Dummy Kit,  DPTLG-70011779",8000H,3,7,,1,X,0,X,,,,in,24,18,18,3,PSC,3,9,,0,
78071714,,8000H Coupling Bolt Tensioner Kit,8000H,1,4,,2,X,0,X,,,,in,36,18,18,4.5,PSC,1,4.5,,0,
78071764,,8000H IGV Bushing Installation Tool,8000H,2,6,,4,,0,X,,,,in,42,15,6,4.38,PSC,2,8.75,,0,
78059008,,Siemens Foundation Bolts Tension kit (Atlanta Depot),General,1,1,X,0,X,0,X,X,,1,in,0,0,0,0,Split,0,0,0,0,
78077461,,"8000H Monorail System, Manhole, Exhaust Diffuser, TLC47, DPPPG-70142462, P0054837000",8000H,2,3,,1,X,0,X,,,,in,138,48,39,46,PSC,1,46,,0,
78087511,,Hoist Kit (2 rack) for Comanche Peak Tool Kit (78044408),General,1,0,X,0,X,0,X,X,,1,in,0,0,0,0,Split,0,0,1,0,
79002818,X,Precision Kit for Grand Gulf kit (7800265),Precision,1,0,X,0,X,0,X,X,,1,in,0,0,0,0,Split,0,0,1,0,
78078876,,8000H Turbine Maintenance Platform Kit,8000H,1,4,,1,X,0,X,,,,in,80,77,65,42.78,PSC,1,42.78,,0,
78059659,,"8000H Turbine Bearing Super Bolt Assembly Kit, 68KH00-TLC25-A01-A01, Items 21-22",8000H,4,4,,0,X,0,X,,X,2,in,10,11,5,0.76,PSC,3,2.29,,0,
78059760,,"8000H Lube Oil Supply Pipe Removal / Installation Tool, 68KH00-TLC12-M03-A01, DPPPG-70001352",8000H,3,3,,1,X,0,X,,X,1,in,10,11,5,0.76,PSC,3,2.29,,0,
78086718,,8000H Taper Pin / Hexagon Screw Kit,8000H,3,8,,3,,0,X,,,,in,20,32,19,4.44,PSC,1,4.44,,0,
78088149,,"8000H CED Support Kit, PG0040296700",8000H,3,6,,1,X,0,X,,,,in,36,20,20,5,PSC,1,5,,0,
78064394,,8000H Rotor Rolling Adapter - V Rotor Rolling Kit,8000H,4,3,,3,,0,X,,X,2,in,26,11,10,1.99,PSC,4,7.94,,0,
78090322,,"8000H Oil Box Tooling, TLD25",8000H,2,3,,0,X,0,X,,,,in,72,48,48,24,PSC,1,24,,0,
79000504,X,8000H HCO Cover Removal Tool Kit,8000H,1,4,,0,X,0,X,,,,in,72,48,48,24,PSC,1,24,,0,
79001444,X,8000H Hydraulic Carrier Tool Kit,8000H,1,3,,2,X,0,X,,,,in,36,24,24,6,PSC,1,6,,0,
78077967,,"8000H CVC1 Support Stand, SE-HFSP-308",8000H,6,6,,3,,0,X,,X,3,in,87,18,47,10.88,PSC,6,65.25,,0,
79003100,X,"8000H/9000HL PCS Bolting Torque Gun Kit, ITH (for 8000H/9000HL use only) Contains Lithium Ion Battery",8000H,5,10,,2,X,0,X,,,,in,20,18,10,2.5,PSC,5,12.5,,0,
79004582,X,8000H/9000HL Battery Operated Tool Kit (for 8000H/9000HL use only),8000H,4,11,,3,,0,X,,,,in,49,27,19,9.19,PSC,2,18.38,,0,
78078514,,8000H VGV Dummy Lever Arm Kit.,8000H,4,3,,1,X,0,X,,X,2,in,36,24,24,6,PSC,4,24,,0,
7800313,,INDUSTRIAL DEHUMIDIFIER,Electrical,9,2,X,4,,2,X,,X,3,in,57,44,33,17.42,Split,5,87.08,5,87.08,
7800196,,"OFFICE TRAILER, CONTAINERIZED  W/METAL FLOOR",Containers,10,18,,21,,23,,,,,ft,20,8,8.5,160,Split,5,800,5,800,
7800197,,CONTAINERIZED GENERATOR REWIND TOOL SET,Containers,4,14,,12,,8,,,,,ft,20,8,8.5,160,Split,3,480,3,480,
7800198,,"CONTAINERIZED TYPE ""A"" TOOL SET",Containers,25,79,,75,,59,,,,,ft,20,8,8.5,160,Split,15,2400,15,2400,
7800265,,Grand Gulf Containerized Tool Kit,Containers,1,1,X,1,X,0,X,X,X,,ft,20,8,8.5,160,HOU,,0,1,160,1
78041169,,"OFFICE TRAILER, CONTAINERIZED W/ METAL FLOOR & CABINETS - (AC on Left)",Containers,3,8,,9,,10,,,,,ft,20,8,8.5,160,HOU,,0,3,480,
78049771,,"OFFICE TRAILER, CONTAINERIZED W/ METAL FLOOR & CABINETS - (AC on Right)",Containers,2,4,,9,,10,,,,,ft,20,8,8.5,160,HOU,,0,2,320,
7800336,,"MAGNETIC BASE DRILL W/ POWER FEED, #3 MT",Electrical,7,2,X,3,,4,,,X,2,in,31,20,28,4.31,Split,4,17.22,4,17.22,
78058188,,Containerized Break Trailer w/Metal Floor,Containers,4,9,,12,,10,,,,,ft,20,8,8.5,160,Split,2,320,2,320,
78063459,,"V84.2 & V84.3(A) Burner Cleaning Trailer (Must Ship on Step Deck Only). 480 VAC, 100 Amp required",Containers,1,11,,10,,5,,,,,ft,20,8,9.5,160,HOU,,0,1,160,
78080607,,Containerized Type A Metric Tool Set,Containers,2,5,,5,,4,,,,,ft,20,8,8.5,160,Split,1,160,1,160,
78067843,,Containerized FSS Welding Test Trailer Kit,Containers/Oil Flush,1,1,X,1,X,4,,,,,ft,20,8,8.5,160,PSC,1,160,,0,
7800146,,BB271 ALUMINUM DECKING KIT,Decking,2,0,X,0,X,0,X,X,X,,in,122,31,49,26.26,HOU,,0,2,52.53,
7800160,,"BB72/6.9m2  ALUMINUM DECKING KIT ref. Dwg. SPG-100-594,rev.01; 56"" x 31"" x 48"", 95"", x 32"" x 53"", and 94"" x 31"" x 60""",Decking,5,4,,4,,1,X,,X,,in,94,31,60,20.24,HOU,,0,5,101.18,
7800163,,"BB73 ALUMINUM DECKING KIT, Dwg.#SPG-100-591  108""x31""x60""; 94""x31""x60""; 62""x31'x51""",Decking,4,2,X,2,X,2,X,X,X,,in,208,93,171,134.33,HOU,,0,4,537.33,
7800166,,"BB81 ALUMINUM DECKING KIT, DWG. SPG-100-537",Decking,2,1,X,1,X,0,X,X,X,,in,166,136,128,156.78,HOU,,0,2,313.56,
78042991,,"BB281/281R/ (13.9m2) Aluminum Decking Kit   166""x92'x23""; 166""x92""x50""",Decking,7,4,,3,,4,,,X,,in,166,84,50,96.83,HOU,,0,7,677.83,
78048619,,"BB81 / 18m2 Aluminum Decking Kit, Dwg. SPG-100-908",Decking,2,0,X,0,X,0,X,X,X,,in,60,80,48,33.33,HOU,,0,2,66.67,
78068867,,"BB80 Aluminum Decking Kit per PH6D1638 w/Skid PH6D1647, Point Beach 80R LP",Decking,1,1,X,3,,2,X,,,,in,156,102,27,110.5,HOU,,0,1,110.5,
7800077,,"1/2"" GAS BOLT HEATER KIT",Electrical,6,21,,8,,5,,,,,in,73,35,21,17.74,Split,6,106.46,6,106.46,
78000818,,TRANSPOSITION TEST SET 100AMP,Electrical,3,16,,15,,15,,,,,in,30,24,24,5,Split,3,15,3,15,
7800092,,120 TON POWER ROLLER SET,Electrical,2,7,,7,,5,,,,,in,100,72,8,50,Split,1,50,1,50,
78000928,,Ground Fault Power Supply Kit,Electrical,22,91,,97,,79,,,,,in,59,34,63,13.93,Split,11,153.24,11,153.24,
7800094,,150 TON POWER ROLLER SET,Electrical,3,4,,3,,5,,,,,in,60,60,72,25,Split,2,50,1,25,
7800411,,"WELDER, STICK, DC ARC WELD, 600 AMP",Electrical,7,4,,4,,3,,,X,2,in,57,28,34,11.08,Split,6,66.5,6,66.5,
7800458,,WELD FUME EVACUATION BLOWER KIT,Electrical,14,12,,11,,10,,,X,3,in,37,37,38,9.51,Split,9,85.56,9,85.56,
7800264,,1 KV 1A DC POWER SUPPLY,Electrical,1,4,,7,,6,,,,,in,12,18,16,1.5,Split,1,1.5,1,1.5,
78005598,,Weld Fume  Extractor Kit,Electrical,23,16,,22,,25,,,X,5,in,41,25,36,7.12,Split,13,92.53,12,85.42,
7800322,,"WELDER, INVERTER , 4-PACK",Electrical,1,5,,5,,3,X,,,,in,94,34,63,22.19,Split,1,22.19,0,0,
7800335,,"MAGNETIC BASE DRILL, #3 MT WITH  ¾” CHUCK",Electrical,9,29,,20,,16,,,,,in,31,14,28,3.01,Split,5,15.07,4,12.06,
78040861,,Coppus Blower/Exauster Kit,Electrical,12,5,,2,X,2,X,,X,4,in,49,32,36,10.89,Split,6,65.33,6,65.33,
7800341,,"WELDER, MILLER XMT INVERTER",Electrical,63,106,,112,,74,,,,,in,49,38,51,12.93,Split,31,400.85,30,387.92,
7800381,,"WELDER, PULSE TIG AND ACCESSORIES",Electrical,23,14,,27,,31,,,,,in,43,38,37,11.35,Split,12,136.17,11,124.82,
7800141,,"METER, CLAMP ON, AMPROBE ACDC 1000",Electronics,8,2,X,6,,6,,,X,5,in,14,10,6,0.97,PSC,8,7.78,,0,
7800187,,"METER, CLAMP-ON, AC/DC 600A",Electronics,13,0,X,1,X,6,,,X,10,in,14,10,6,0.97,PSC,14,13.61,,0,
7800428,,TORIT DUST COLLECTING SYSTEM (2pcs.),Electrical,8,12,,6,,2,X,,,,in,48,80,48,26.67,Split,4,106.67,4,106.67,
7800452,,"VOLTAGE REGULATOR TEST KIT/ GEN SIM, 3 PHASE (2 pcs.)  23""x23""x20""  22""x16""x10""",Electrical,12,48,,66,,58,,,,,in,23,40,20,6.39,Split,6,38.33,6,38.33,
7800206,,DIGITAL MANOMETER,Electronics,3,3,,0,X,0,X,,X,1,in,24,24,24,4,PSC,1,4,,0,
78004704,,"Motor Generator Test Kit, 420Hz",Electrical,7,9,,14,,11,,,,,in,31,24,29,5.17,Split,4,20.67,3,15.5,
78004768,,Evacuation Fan Kit (Big Red Fans),Electrical,15,64,,58,,33,,,,,in,36,27,29,6.75,Split,8,54,7,47.25,
78004774,,"Belt Sander Kit, 6"" x 48""",Electrical,20,52,,48,,49,,,,,in,37,27,51,6.94,Split,19,131.81,19,131.81,
78005058,,Parts Washer,Electrical,8,8,,8,,8,,,,,in,45,29,50,9.06,Split,4,36.25,4,36.25,
78005560,,"Sifco Electroplating Kit, 30 Amp. Power Pack (2pcs)",Electrical,9,63,,53,,36,,,,,in,12,12,18,1,Split,5,5,5,5,
7800326,,K & E OPTICAL LEVEL KIT,Electronics,4,2,X,3,,3,,,X,1,in,23,12,8,1.92,PSC,4,7.67,,0,
78005721,,Dayton Salamander Heater Kit,Electrical,20,37,,35,,18,,,,,in,32,25,49,5.56,Split,10,55.56,10,55.56,
78041087,,Site Connectivity Kit,Electronics,4,1,X,2,X,3,,,X,2,in,14,15,8,1.46,PSC,4,5.83,,0,
7800099,,20-TON HYDRAULIC JACKING KIT,General,6,3,,2,X,0,X,,X,2,in,33,19,19,4.35,Split,3,13.06,3,13.06,
7800136,,8-TON CHAIN HOIST KIT WITH LONG CHAIN,General,16,12,,15,,17,,,X,3,in,34,19,19,4.49,Split,8,35.89,8,35.89,
78016573,,"Upright Bandsaw, HD, 93"" Blade, with Shipping Box.",Electrical,15,53,,33,,34,,,,,in,38,41,76,10.82,Split,14,151.47,13,140.65,
78022027,,"Vacuum Cleaner, Pneumatic,for 55 gallon Drum Kit",Electrical,27,79,,67,,53,,,,,in,37,33,23,8.48,Split,14,118.71,13,110.23,
78027745,,"Electric Bolt Heater Kit, 120 Volt",Electrical,3,4,,2,X,3,,,,,in,46,45,16,14.38,Split,2,28.75,1,14.38,
78029572,,"Ground Fault, Portable Temporary Power Distribution System",Electrical,10,50,,50,,39,,,,,in,26,37,34,6.68,Split,5,33.4,5,33.4,
78029879,,"60 Ton Power Roller Set, Pneumatic (90psi/100cfm) (2 pcs.) 50""x82""x65"" each",Electrical,2,5,,6,,5,,,,,in,50,82,65,28.47,Split,1,28.47,1,28.47,
78035376,,Bench Grinder Dust Collector Kit,Electrical,24,34,,29,,18,,,,,in,35,22,21,5.35,Split,12,64.17,12,64.17,
78035718,,"Welder, Miller Dynasty/Maxstar 200 DX or equivalent",Electrical,32,116,,137,,114,,,,,in,35,20,21,4.86,Split,16,77.78,16,77.78,
78036575,,Plasma Cutting Kit,Electrical,2,9,,11,,8,,,,,in,30,19,24,3.96,Split,1,3.96,1,3.96,
78037750,,Ground Fault Supply Kit with Remote Distribution Station (2pcs),Electrical,18,86,,80,,61,,,,,in,36,36,60,9,Split,9,81,9,81,
78039358,,LARGE INFRARED 13.5 KVA HEATER KIT,Electrical,3,4,,1,X,0,X,,,,in,64,34,29,15.11,Split,2,30.22,2,30.22,
7800140,,ALLEN HEX WRENCH SET,General,6,2,X,3,,3,,,X,1,in,28,18,12,3.5,Split,3,10.5,3,10.5,
78041038,,"Sifco Electroplating Kit, 15 AMP Power Pack",Electrical,6,21,,20,,16,,,,,in,24,24,18,4,Split,2,8,2,8,
7800168,,BB96 & BB296 HP BLADE RING BOLTING KIT,General,5,4,,3,,3,,,X,1,in,49,38,12,12.93,Split,3,38.79,2,25.86,
78049608,,Hutter Putter Rotor Turning Kit (*** For Indoor & Outdoor Use***),Electrical,1,3,,7,,5,,,,,in,37,43,95,11.05,Split,1,11.05,1,11.05,
78050352,,"William Scottsman Moble Office Trail Step down Transformer Skid, 480VAC, Single Phase,60 Amp. to 240VAC, Single Phase, 100 AMP.",Electrical,2,4,,5,,3,,,,,in,48,44,48,14.67,Split,1,14.67,1,14.67,
78055044,,"O-Ring Vulcanizing Clamp Assembly with Heaters, (Allis Chalmers Generators)",Electrical,2,4,,3,,0,X,,,,in,17,12,5,1.42,Split,1,1.42,1,1.42,
78061837,,"Impulse Fault Locator, 35KV, (Thumper)",Electrical,2,3,,4,,4,,,,,in,28,21,34,4.08,Split,1,4.08,1,4.08,
78067616,,LED lighting Kit,Electrical,10,53,,41,,18,,,,,in,48,31,35,10.33,Split,4,41.33,4,41.33,
78070090,,"Oven, Heat Treat for Siemens KN/HE Valve Threaded Rings",Electrical,2,7,,5,,5,,,,,in,67,56,5,26.06,Split,1,26.06,1,26.06,
78084709,,"Power Supply, 2000 VDC, 220 Volt Required",Electrical,2,9,,8,,7,,,,,in,16,16,16,1.78,Split,1,1.78,1,1.78,
78085064,,"Fan, Smoke Ejector, RamFan EFC50X, 16"", Explosion Proof Fan Kit",Electrical,2,5,,3,,2,X,,,,in,49,28,20,9.53,Split,1,9.53,1,9.53,
7800188,,COIL WEDGE JACK AND ASSEMBLY KIT,General,8,6,,6,,3,,,X,2,in,39,17,12,4.6,Split,4,18.42,3,13.81,
78000823,,DIGITAL MULTIMETER FLUKE 189 or 287,Electronics,12,42,,50,,35,,,,,in,17,13,7,1.53,PSC,12,18.42,,0,
78000829,,"MULTIMETER, DIGITAL FLUKE 77 OR 177",Electronics,28,187,,164,,119,,,,,in,17,13,7,1.53,PSC,25,38.37,,0,
78000846,,DIGITAL MULTIMETER/ PROCESS METER FLUKE 789,Electronics,3,4,,9,,8,,,,,in,19,15,8,1.98,PSC,3,5.94,,0,
7800244,,GENERATOR  ROTOR RADIAL & AXIAL LEAD REPLACEMENT KIT  (Conventional Units),General,8,3,,6,,7,,,X,2,in,36,27,28,6.75,Split,5,33.75,4,27,
78000862,,Quick Leak Hydrogen Detection Kit,Electronics,2,4,,4,,7,,,,,in,30,20,18,4.17,PSC,2,8.33,,0,
78000907,,"Borescope, Olympus Videoscope Model IV9635TR, 6MM X 3.5M",Electronics,7,49,,62,,51,,,,,in,24,12,24,2,PSC,7,14,,0,
7800137,,ANALOG AC ROTOR METER SET,Electronics,3,3,,3,,3,,,,,in,22,15,10,2.29,PSC,3,6.88,,0,
7800138,,AIR ANALYZER (Gas Detector) MAX-4 AP / MPLUS / MPRO,Electronics,13,24,,62,,56,,,,,in,19,15,8,1.98,PSC,36,71.25,,0,
7800319,,INSULATED TIGHT WIRE STRETCHING RIG SET,General,20,22,,16,,8,,,X,5,in,23,19,19,3.03,Split,10,30.35,10,30.35,
7800175,,BIDDLE DIGITAL LOW RESISTANCE OHMMETER (DLRO),Electronics,42,190,,174,,136,,,,,in,23,16,13,2.56,PSC,42,107.33,,0,
7800366,,PNEUMATIC AIR MOVER KIT,General,27,18,,17,,15,,,X,8,in,47,25,18,8.16,Split,14,114.24,14,114.24,
7800182,,"BORESCOPE, EVEREST VIDEOSCOPE (Replaced with 78000907)",Electronics,1,6,,8,,9,,,,,in,18,12,24,1.5,PSC,1,1.5,,0,
7800184,,CAPACITANCE METER,Electronics,7,13,,15,,12,,,,,in,9,7,4,0.44,PSC,8,3.5,,0,
7800386,,RADIAL WINDING CLAMP TENSIONING TOOL KIT,General,14,7,,9,,15,,,X,3,in,33,18,13,4.13,Split,7,28.88,7,28.88,
7800203,,DECADE RESISTOR BOX (GenRad model 1433-F),Electronics,4,0,X,13,,20,,,,,in,22,15,9,2.29,PSC,4,9.17,,0,
7800205,,DIGITAL HARDNESS TESTER,Electronics,2,2,X,2,X,3,,,,,in,19,15,8,1.98,PSC,2,3.96,,0,
7800404,,SLUGGING WRENCH SET,General,12,8,,11,,9,,,X,3,in,33,20,20,4.58,Split,7,32.08,6,27.5,
7800208,,"DIGITAL MEGGER, 5kV",Electronics,47,294,,283,,216,,,,,in,25,20,19,3.47,PSC,47,163.19,,0,
7800211,,DIGITAL AC ROTOR  METER SET/ POLE BALANCE KIT,Electronics,22,156,,142,,112,,,,,in,34,30,17,7.08,PSC,24,170,,0,
7800439,,TURBINE SEAL STRIP TOOL SET,General,24,20,,22,,15,,,X,7,in,34,22,31,5.19,Split,12,62.33,12,62.33,
78017011,,"AIR MANIFOLD KIT, THOR FITTINGS",General,6,5,,5,,3,,,X,1,in,34,25,20,5.9,Split,3,17.71,3,17.71,
7800223,,ELECTROLYTIC ETCHING KIT,Electronics,19,31,,38,,36,,,,,in,33,19,19,4.35,PSC,18,78.38,,0,
78049546,,Actuator Decompression Tool (Siemens KN Valves),General,10,10,,6,,4,,,X,2,in,36,32,19,8,Split,5,40,5,40,
7800245,,GENERATOR 24-HOUR AIR LEAK TEST KIT,Electronics,3,7,,9,,10,,,,,in,24,24,18,4,PSC,3,12,,0,
7800262,,GENERATOR ROTOR PRESSURE TEST SET,Electronics,16,37,,35,,37,,,,,in,29,20,12,4.03,PSC,16,64.44,,0,
78002841,,HANDHELD OPTICAL PYROMETER (-25 to 1600F),Electronics,14,36,,32,,21,,,,,in,10,10,4,0.69,PSC,16,11.11,,0,
7800320,,INSULATION CHECKER,Electronics,5,19,,24,,18,,,,,in,12,12,8,1,PSC,6,6,,0,
78051482,,Pre-Printed Human Performance Dry Erase Board Kit,General,9,6,,3,,3,,,X,2,in,76,52,9,27.44,Split,5,137.22,4,109.78,
79003394,X,HYDRAULIC MANIFOLD KIT (FOR SPRING CAN COMPRESSION BRACES),Hydraulic,3,3,,3,,0,X,,X,0,in,24,16,16,2.67,Split,2,5.33,1,2.67,
7800329,,KELVIN BRIDGE,Electronics,36,238,,211,,160,,,,,in,22,23,15,3.51,PSC,41,144.07,,0,
7800338,,MEGGER (1000Volt) AC Line and Hand Cranked,Electronics,22,78,,87,,87,,,,,in,22,14,10,2.14,PSC,23,49.19,,0,
7800446,,ULTRASONIC PHASE SHIFT FLOWMETER,Oil flush,5,1,X,3,,3,,,X,3,in,25,20,18,3.47,PSC,5,17.36,,0,
78041945,,"Butterfly Alignment Gage Kit Per SPG-100-817, Rev 0",Precision,5,3,,3,,0,X,,X,1,in,25,21,9,3.65,Split,5,18.23,0,0,
7800393,,ROTO- SHOT PEENING KIT,Electronics,7,14,,24,,19,,,,,in,29,20,12,4.03,PSC,7,28.19,,0,
7800401,,SIMPSON ANALOG MULTIMETER,Electronics,19,118,,120,,107,,,,,in,17,13,7,1.53,PSC,20,30.69,,0,
78044580,,"L-0 Indicator Bracket Kit, Dwg. CTIF022311LSB",Precision,3,3,,2,X,0,X,,X,0,in,18,14,6,1.75,Split,2,3.5,1,1.75,
78052149,,"Digital Wireless Dial Indicator Kit, Starrett",Precision,7,4,,4,,4,,,X,2,in,32,21,13,4.67,Split,4,18.67,3,14,
7800426,,THERMOCOUPLE/RTD CALIBRATOR * Replaced by Multifunction Process Calibrator Fluke 725,Electronics,3,7,,4,,1,X,,,,in,19,15,8,1.98,PSC,2,3.96,,0,
7800445,,ULTRASONIC LEAK DETECTOR,Electronics,1,3,,3,,3,,,,,in,25,25,19,4.34,PSC,1,4.34,,0,
79002473,X,"Miller Welder, 14 Pin Receiver, Wireless Hand Control Kit",Electrical,7,6,,4,,1,X,,X,2,in,12,12,8,1,Split,2,2,2,2,
7800451,,VENT TUBE PRESSURE TEST SET,Electronics,12,31,,30,,32,,,,,in,27,20,14,3.75,PSC,12,45,,0,
7800454,,"VON DC HI POT TEST SET, 100 kv",Electronics,34,163,,160,,141,,,,,in,33,26,17,5.96,PSC,34,202.58,,0,
7800216,,DIGITAL THERMOMETER/ CALIBRATOR CL3512A,Electronics,9,8,,7,,4,,,X,5,in,14,10,6,0.97,PSC,5,4.86,,0,
78005666,,"Variac,AC voltage. 3 Phase, 0-480 volts, 8 amp.",Electronics,7,24,,31,,28,,,,,in,27,15,14,2.81,PSC,9,25.31,,0,
7800114,,4.33 X 1 TORQUE MULTIPLIER,General,17,7,,6,,1,X,,X,7,in,32,9,9,2,Split,3,6,2,4,
78049679,,FSP 370 Expendable Kit,General,7,1,X,4,,4,,,X,2,in,30,30,30,6.25,Split,2,12.5,2,12.5,
78015315,,"Variac, 120VAC, 20amps  Row 31:E1",Electronics,3,2,X,3,,4,,,,,in,20,20,10,2.78,PSC,3,8.33,,0,
78021979,,Seesnake Kit,Electronics,36,210,,210,,150,,,,,in,26,26,23,4.69,PSC,36,169,,0,
7800281,,HY1XLT HEX DRIVE KIT,Hydraulic,13,9,,10,,13,,,X,3,in,8,8,4,0.44,Split,8,3.56,7,3.11,
78051360,,8000H Lift Pod Kit (For H Outages Only),8000H,2,0,X,0,X,0,X,X,X,2,in,43,56,96,16.72,PSC,2,33.44,,0,
78041893,,"SeeSnake Kit, Hand Held MicroExplorer",Electronics,9,62,,54,,37,,,,,in,25,21,14,3.65,PSC,9,32.81,,0,
78045112,,"Seesnake Kit, MicroReel Inspection System",Electronics,12,64,,68,,48,,,,,in,24,20,14,3.33,PSC,12,40,,0,
78053907,,"RTD Temperature Thermistor, (Minco)",Electronics,31,173,,149,,113,,,,,in,20,15,6,2.08,PSC,31,64.58,,0,
78051634,,8000H Burner Removal Tool Fixture w/ Scaffolding Kit (SEI-700-003 and 017) (Does not include scissor lift SKU 78063769),8000H,2,0,X,0,X,0,X,X,X,2,in,77,42,60,22.46,PSC,2,44.92,,0,
78053771,,"8000H Tab Bending Fixture Kit, DPTLG-70002145",8000H,1,2,X,1,X,0,X,X,,1,in,20,29,10,4.03,PSC,1,4.03,,0,
78055015,,Wireless In-Building Cellular Phone Amplifier Kit,Electronics,9,21,,23,,16,,,,,in,24,19,9,3.17,PSC,9,28.5,,0,
78056568,,8000H Wire Rope Sling Kit,8000H,2,1,X,0,X,0,X,X,X,2,in,72,24,29,12,PSC,2,24,,0,
78058168,,"Rotor Voltage Drop Test Transformer, 50 amp.",Electronics,12,39,,31,,20,,,,,in,27,22,15,4.13,PSC,12,49.5,,0,
78061438,,Power Roller Laser Alignment Kit Per Dwg SE-HFSP-160 and SPG-100-919,Electronics,6,7,,5,,5,,,,,in,29,20,17,4.03,PSC,6,24.17,,0,
78062674,,Foreign Material retrieval Kit,Electronics,4,4,,2,X,3,,,,,in,20,20,8,2.78,PSC,4,11.11,,0,
78063982,,Hydrogen Analyzer Kit,Electronics,2,1,X,3,,2,X,,,,in,19,15,6,1.98,PSC,2,3.96,,0,
78056736,,"8000H Turbine Rotor Stands, 68KH00-TLD38-A01-A01",8000H,2,2,X,0,X,0,X,X,,2,in,79,54,107,29.63,PSC,2,59.25,,0,
78064239,,RTD Test Board Kit (for S2R2 Units with Amphenol Connectors),Electronics,5,33,,22,,12,,,,,in,25,20,16,3.47,PSC,5,17.36,,0,
78059681,,"8000H Turbine Bearing Work Platform Kit, 68KH00-TLC25-602-B01",8000H,1,0,X,0,X,0,X,X,,1,in,102,73,52,51.71,PSC,1,51.71,,0,
78065822,,RLA TD Kelvin Bridge,Electronics,2,3,,4,,3,,,,,in,22,22,15,3.36,PSC,3,10.08,,0,
78065824,,"RLA TD Digital Megger, 5kv, Avo Model S1-5010",Electronics,2,3,,6,,4,,,,,in,25,20,19,3.47,PSC,2,6.94,,0,
78061743,,"8000H Spool Piece Lifting Bracket, SEI-700-056",8000H,3,0,X,0,X,0,X,X,X,3,in,26,11,10,1.99,PSC,3,5.96,,0,
78062143,,8000H Transition Alignment Wax Mold Kit,8000H,2,1,X,0,X,0,X,X,X,2,in,48,24,24,8,PSC,2,16,,0,
78065954,,RLA TD Ground Fault supply kit with Remote Distribution Station,Electronics,1,3,,2,X,1,X,,,,in,41,27,26,7.69,PSC,1,7.69,,0,
78063676,,"8000H TEC Support Stand, TLD37",8000H,2,2,X,0,X,0,X,X,,2,in,140,80,90,77.78,PSC,2,155.56,,0,
78066089,,"RLA TD Multimeter, Digital, Fluke 77 or 177",Electronics,1,1,X,3,,2,X,,,,in,17,13,7,1.53,PSC,1,1.53,,0,
78066090,,"RLA TD Von Hi Pot Test Set, 100KV",Electronics,1,2,X,3,,2,X,,,,in,24,18,36,3,PSC,1,3,,0,
78072309,,Air Analyzer (Gas Monitor) Crowcon Gas-Pro 4,Electronics,30,129,,111,,57,,,,,in,12,12,8,1,PSC,30,30,,0,
78063769,,8000H Southworth Spacesaver Model LSH6-84 Scissor Lift,8000H,4,0,X,0,X,0,X,X,X,4,in,72,36,35,18,PSC,4,72,,0,
78086323,,Thermocouple Lead Kit,Electronics,2,3,,3,,2,X,,,,in,12,12,8,1,PSC,2,2,,0,
78088266,,Parallel Ring Hi Pot Test Cable Kit Per DWG #PH6D002477C,Electronics,4,6,,4,,2,X,,,,in,24,18,36,3,PSC,4,12,,0,
78093708,,DO Commissioning Kit - DO Division Use Only,Electronics,2,11,,9,,4,,,,,in,24,24,12,4,PSC,3,12,,0,
79004022,X,MEGGER (1000Volt) Hand Cranked Kit,Electronics,5,10,,4,,0,X,,,,in,12,12,8,1,PSC,5,5,,0,
7800221,,EH VALVE SYSTEM ANALYZER #2,FTS,1,3,,3,,2,X,,,,in,88,54,84,33,PSC,1,33,,0,
7800222,,EH VALVE SYSTEM ANALYZER #3,FTS,1,4,,4,,1,X,,,,in,60,50,50,20.83,PSC,1,20.83,,0,
7800367,,Portable Balance Machine,FTS,2,10,,12,,10,,,,,ft,40,8,8,320,PSC,2,640,,0,1
7800379,,PROTECTIVE TRIP BLOCK TEST KIT,FTS,2,12,,15,,14,,,,,in,43,43,57,12.84,PSC,2,25.68,,0,
78063867,,"8000H Blade Tip Measuring Kit, 50mm tip length, Test Bed Unit CVC1 Style PG0038595400, 379500-CSN12-T01-A01  -  PRIMARY LITHIUM BATTERIES INSTALLED IN EQUIPMENT",8000H,1,1,X,0,X,0,X,X,,1,in,24,18,10,3,PSC,1,3,,0,
78019556,,"LAPTOP, DLN TUNING KIT,  DYNAMIC ANALYZER",FTS,14,18,,44,,42,,,,,in,31,21,16,4.52,PSC,15,67.81,,0,
78030519,,Feed Pump Turbine Overspeed Trip Mechanism Test Pump,FTS,1,1,X,2,X,6,,,,,in,24,24,24,4,PSC,1,4,,0,
78066624,,8000H Hydraulic Rotor Rolling Kit,8000H,1,0,X,0,X,0,X,X,,1,in,24,24,18,4,PSC,1,4,,0,
78036561,,Balance Machine Drive Shaft Assembly Tool Kit.*Items removed from kit and added to 7800367 per Jerry G. 9-17-21,FTS,2,5,,12,,10,,,,,in,48,12,12,4,PSC,2,8,,0,
78068190,,8000H Transition Handling & Rigging Tool Kit : SEI-700-065,8000H,1,0,X,0,X,0,X,X,,1,in,24,72,23,12,PSC,1,12,,0,
78036563,,Balance Machine Balance Weight Installation & Removal Tool Kit.*Items removed from kit and added to 7800367 per Jerry G. 9-17-21,FTS,2,10,,13,,11,,,,,in,24,8,8,1.33,PSC,2,2.67,,0,
78041615,,"Bearing Shaker Kit,  Model BE-5280-4B, 1800 RPM",FTS,2,3,,2,X,0,X,,,,in,35,27,21,6.56,PSC,2,13.13,,0,
78068719,,8000H Rotor Thrusting Kit,8000H,3,0,X,0,X,0,X,X,X,3,in,24,18,10,3,PSC,3,9,,0,
78069957,,"8000H TEC Lifting Flipping Pin Kit, SPG-100-1156",8000H,1,2,X,0,X,0,X,X,,1,in,23,19,13,3.03,PSC,1,3.03,,0,
78065830,,"RLA TD Laptop DLN Tuning Kit, Dynamic Analyzer",FTS,1,3,,3,,2,X,,,,in,31,21,16,4.52,PSC,1,4.52,,0,
78070716,,"8000H TEC Transportation Support, Standard Kit",8000H,1,1,X,0,X,0,X,X,,1,in,24,12,12,2,PSC,1,2,,0,
78074161,,"8000H Intermediate Shaft Support Kit, TLC23, P0037186300",8000H,1,0,X,0,X,0,X,X,,1,in,48,24,23,8,PSC,1,8,,0,
78084057,,8000H Arrow In-Situ Kit,8000H,1,0,X,0,X,0,X,X,,1,in,72,36,36,18,PSC,1,18,,0,
78084861,,8000H CVC4 Dowelling Drill Plate Kit,8000H,3,0,X,0,X,0,X,X,X,3,in,20,32,19,4.44,PSC,3,13.33,,0,
7800073,,1 1/2 TON COME-ALONG KIT,General,38,74,,66,,49,,,,,in,28,18,12,3.5,Split,20,70,19,66.5,
7800075,,1 1/2-TON CHAIN HOIST KIT,General,24,57,,56,,39,,,,,in,35,19,19,4.62,Split,11,50.8,10,46.18,
7800080,,"100 TON JACKING KIT, LOW PROFILE",General,8,25,,24,,14,,,,,in,33,25,23,5.73,Split,4,22.92,4,22.92,
78000812,,Parts Storage Bin Kit,General,113,224,,215,,165,,,,,in,100,48,67,33.33,Split,90,3000,23,766.67,
78000822,,Parts Storage Bin Kit With Doors,General,8,18,,18,,21,,,,,in,120,48,72,40,Split,13,520,0,0,
7800083,,100-TON EQUIPMENT ROLLER KIT,General,2,1,X,3,,3,,,,,in,35,21,23,5.1,Split,3,15.31,2,10.21,
7800084,,100-TON JACKING KIT,General,7,6,,10,,9,,,,,in,37,37,19,9.51,Split,4,38.03,3,28.52,
7800086,,10-TON CHAIN HOIST KIT,General,44,76,,68,,53,,,,,in,33,19,19,4.35,Split,21,91.44,21,91.44,
7800087,,10-TON CHAIN HOIST KIT LONG CHAIN,General,89,135,,136,,99,,,,,in,33,19,19,4.35,Split,45,195.94,45,195.94,
7800088,,10-TON HYDRAULIC JACKING KIT,General,6,6,,10,,8,,,,,in,33,19,19,4.35,Split,3,13.06,3,13.06,
78089959,,"8000H Supplemental Maintenance Support, P0025266600, P12 (1 of 2), OA Length 953mm [37.52""]  (USED AS A SUPPLEMNTAL TO KIT 78089958)",8000H,1,2,X,1,X,0,X,X,,1,in,24,24,24,4,PSC,1,4,,0,
7800095,,1-TON CHAIN HOIST KIT,General,16,38,,42,,24,,,,,in,28,18,12,3.5,Split,8,28,8,28,
79001866,X,8000H Turbine Bearing Body Wedge Kit,8000H,1,2,X,0,X,0,X,X,,1,in,24,24,24,4,PSC,1,4,,0,
7800103,,2-TON CHAIN HOIST KIT,General,8,13,,14,,10,,,,,in,28,18,12,3.5,Split,4,14,4,14,
7800104,,3/4 TON COME-ALONG KIT,General,54,151,,151,,104,,,,,in,28,18,12,3.5,Split,27,94.5,26,91,
7800106,,"3/4"" GAS BOLT HEATER KIT",General,3,7,,7,,5,,,,,in,73,25,22,12.67,Split,2,25.35,1,12.67,
7800108,,30-TON HYDRAULIC JACKING KIT,General,8,13,,17,,12,,,,,in,32,18,15,4,Split,4,16,4,16,
7800109,,"30-TON HYDRAULIC JACKING KIT, LOW PROFILE",General,7,18,,20,,15,,,,,in,33,19,19,4.35,Split,4,17.42,3,13.06,
7800111,,3-TON CHAIN HOIST KIT,General,34,82,,84,,69,,,,,in,34,19,19,4.49,Split,17,76.26,17,76.26,
7800112,,3-TON COME-ALONG KIT,General,30,47,,55,,44,,,,,in,28,18,12,3.5,Split,15,52.5,15,52.5,
79005921,X,8000H Round Sling Kit,8000H,1,2,X,0,X,0,X,X,,1,in,48,20,20,6.67,PSC,1,6.67,,0,
7800123,,50-TON HYDRAULIC JACKING KIT,General,8,12,,17,,14,,,,,in,37,37,19,9.51,Split,4,38.03,4,38.03,
7800125,,5-TON CHAIN HOIST KIT,General,33,107,,89,,69,,,,,in,33,19,19,4.35,Split,17,74.02,16,69.67,
7800128,,60 TON POWER ROLLER SET,General,2,8,,8,,4,,,,,in,92,50,65,31.94,Split,1,31.94,1,31.94,
7800131,,6-TON CHAIN HOIST KIT WITH LONG CHAIN,General,6,12,,12,,9,,,,,in,34,19,19,4.49,Split,3,13.46,3,13.46,
7800132,,6-TON COME-ALONG KIT WITH LONG CHAIN,General,15,37,,19,,11,,,,,in,33,19,19,4.35,Split,7,30.48,7,30.48,
7800133,,15-TON EQUIPMENT ROLLER KIT,General,10,15,,9,,5,,,,,in,28,17,11,3.31,Split,5,16.53,5,16.53,
7800134,,"AIR TUGGER, 7-TON",General,1,2,X,3,,3,,,,,in,87,54,50,32.63,Split,1,32.63,0,0,
79005923,X,8000H Lifting Beam Motorized Accessory Kit,8000H,1,2,X,0,X,0,X,X,,1,in,36,20,20,5,PSC,1,5,,0,
7800139,,AIR MANIFOLD KIT,General,25,37,,43,,36,,,,,in,34,25,20,5.9,Split,13,76.74,13,76.74,
78051159,,Containerized Siemens Steam Turbine Major (100K) Kit,Containers,2,2,X,1,X,1,X,X,,1,ft,20,8,8.5,160,Split,1,160,1,160,
7800142,,ASBESTOS REMOVAL TOOL KIT,General,3,3,,2,X,2,X,,,,in,94,38,28,24.81,Split,3,74.42,2,49.61,
7800098,,20 KVA BRAZING TRANSFORMER,Electrical,1,0,X,0,X,0,X,X,,1,in,39,36,45,9.75,Split,1,9.75,0,0,
7800143,,AUTOMATIC PEENING MACHINE,Electrical,2,0,X,0,X,0,X,X,X,1,in,111,79,89,60.9,Split,1,60.9,1,60.9,
7800150,,BB281 INTERNAL HORIZONTAL JOINT NUT REMOVAL TOOL,General,3,5,,4,,4,,,,,in,64,9,10,4,Split,3,12,0,0,
7800151,,BB281 MODULAR TOOL SET,General,3,4,,3,,4,,,,,in,92,48,78,30.67,Split,2,61.33,1,30.67,
7800155,,"BB296 MODULAR TOOL SET, DWG. SPGA-100-712",General,3,3,,3,,2,X,,,,in,100,48,78,33.33,Split,2,66.67,1,33.33,
7800408,,SOLDER POT,Electrical,2,0,X,0,X,0,X,X,X,1,in,39,43,34,11.65,Split,1,11.65,1,11.65,
7800158,,BB296 THROTTLE VALVE STUD TENSIONING TOOL SET,General,3,8,,8,,7,,,,,in,33,22,30,5.04,Split,2,10.08,1,5.04,
7800161,,BB72 MODULAR TOOL SET,General,2,4,,3,,1,X,,,,in,100,48,78,33.33,Split,1,33.33,1,33.33,
78007465,,170 Ton Power Roller Set,Electrical,1,0,X,1,X,1,X,X,,1,in,72,72,72,36,Split,1,36,0,0,
7800165,,BB73 MODULAR TOOL SET,General,1,1,X,3,,3,,,,,in,82,54,69,30.75,Split,1,30.75,1,30.75,
78008814,,SHAKER TABLE,Electrical,1,0,X,0,X,0,X,X,,1,in,31,21,13,4.52,Split,1,4.52,0,0,
78015461,,Blade Ring Pocket Clearance Kit,Electrical,1,1,X,0,X,0,X,X,,1,in,21,17,12,2.48,Split,1,2.48,0,0,
78046557,,Arc Gouge Kit,Electrical,3,2,X,1,X,1,X,X,X,2,in,48,25,29,8.33,Split,5,41.67,4,33.33,
78000851,,DIGITAL MULTIMETER FLUKE 8842 or Agilent 3401A,Electronics,1,1,X,0,X,0,X,X,,1,in,12,8,6,0.67,PSC,1,0.67,,0,
7800176,,BLADE FREQUENCY TEST KIT,Electronics,1,0,X,0,X,0,X,X,,1,in,23,19,12,3.03,PSC,2,6.07,,0,
7800179,,BOILERMAKER/PIPEFITTER TOOL KIT,General,8,47,,35,,18,,,,,in,41,26,27,7.4,Split,7,51.82,7,51.82,
7800229,,"Printer, All-In-One, Brothers MFC-J6920DW",Electronics,2,0,X,0,X,0,X,X,X,2,in,32,23,20,5.11,PSC,2,10.22,,0,
7800185,,CARPENTER'S TOOL KIT,General,2,4,,2,X,1,X,,,,in,45,26,30,8.13,Split,5,40.63,4,32.5,
7800186,,CHANNEL SEALANT INJECTION KIT,General,25,64,,62,,51,,,,,in,21,21,12,3.06,Split,13,39.81,12,36.75,
7800323,,ION SCIENCE LEAK DETECTOR or Uson Q196,Electronics,1,0,X,0,X,0,X,X,,1,in,16,16,12,1.78,PSC,2,3.56,,0,
7800200,,CORE TIGHTENING TOOL KIT,General,4,16,,7,,5,,,,,in,100,60,81,41.67,Split,5,208.33,5,208.33,
7800355,,OPTICAL PYROMETER,Electronics,2,0,X,1,X,2,X,X,,2,in,12,12,8,1,PSC,2,2,,0,
7800230,,FEED PUMP TURBINE MODULAR TOOL KIT,General,4,6,,5,,8,,,,,in,100,48,78,33.33,Split,2,66.67,2,66.67,
78003919,,WALLY BOX PNEUMATIC CALIBRATOR,Electronics,1,0,X,0,X,0,X,X,,1,in,22,23,11,3.51,PSC,1,3.51,,0,
7800424,,"THERMOCOUPLE SELECTOR SWITCH, 10-POINT",Electronics,1,0,X,0,X,0,X,X,,1,in,19,15,8,1.98,PSC,1,1.98,,0,
7800425,,"THERMOCOUPLE SELECTOR SWITCH, 24-POINT",Electronics,1,0,X,0,X,0,X,X,,1,in,19,15,8,1.98,PSC,1,1.98,,0,
7800449,,"VARIAC AUTOTRANSFORMER, Voltage input 120 VAC Voltage output 0 to 140 VAC Amperes 10 (max.)",Electronics,8,0,X,0,X,0,X,X,X,8,in,18,15,11,1.88,PSC,8,15,,0,
7800459,,WOBULATOR,Electronics,2,1,X,1,X,0,X,X,X,2,in,17,17,18,2.01,PSC,2,4.01,,0,
78005667,,"Variac, Max. Amp. 18, 120 volts.  Row 31: E-1",Electronics,2,1,X,1,X,1,X,X,,2,in,17,14,11,1.65,PSC,2,3.31,,0,
78006677,,SIFCO Chemical Kit for Sifco Copper Chemical Plating,Electronics,2,0,X,0,X,0,X,X,X,2,in,12,12,12,1,PSC,2,2,,0,
78035581,,Wireless PA System Kit,Electronics,1,1,X,1,X,1,X,X,,1,in,21,15,9,2.19,PSC,1,2.19,,0,
7800253,,GENERATOR PHASE LEAD CLEANING KIT,General,6,14,,13,,9,,,,,in,20,16,10,2.22,Split,3,6.67,3,6.67,
78054473,,B1 - CCPP Commissioning TFA Tool Kit,Electronics,1,0,X,0,X,0,X,X,,1,in,60,30,38,12.5,PSC,1,12.5,,0,
7800255,,"GENERATOR RADIAL LEAD CONNECTOR SEAL REPAIR KIT, 67""",General,5,6,,12,,8,,,,,in,36,27,28,6.75,Split,3,20.25,2,13.5,
78054855,,A-2 GT/ST Commissioning Tool Kit EPC,Electronics,1,0,X,0,X,1,X,X,,1,in,60,30,38,12.5,PSC,1,12.5,,0,
7800260,,GENERATOR RETAINING RING REMOVAL AND INSTALL KIT A,General,2,2,X,3,,3,,,,,in,67,30,48,13.96,Split,1,13.96,1,13.96,
78055050,,Laser Level and Laser Distance Measurement Kit,Electronics,3,1,X,1,X,2,X,X,X,3,in,21,17,10,2.48,PSC,3,7.44,,0,
7800263,,GENERATOR STATOR ALIGNMENT KIT,General,2,4,,3,,5,,,,,in,68,31,47,14.64,Split,1,14.64,1,14.64,
7800303,,"IMPACT WRENCH (ELECTRIC) WITH SOCKETS, 1/2"" DR.",General,36,57,,53,,41,,,,,in,24,15,7,2.5,Split,19,47.5,18,45,
7800305,,"IMPACT WRENCH, PNEUMATIC WITH SOCKETS, 1 1/2"" DR.",General,52,93,,76,,72,,,,,in,35,20,20,4.86,Split,27,131.25,26,126.39,
7800306,,"IMPACT WRENCH, PNEUMATIC WITH SOCKETS, 1"" DR",General,26,62,,46,,39,,,,,in,33,20,20,4.58,Split,18,82.5,17,77.92,
7800307,,"IMPACT WRENCH, PNEUMATIC WITH SOCKETS, 1/2"" DR",General,14,12,,19,,14,,,,,in,20,12,5,1.67,Split,7,11.67,7,11.67,
7800308,,"IMPACT WRENCH, PNEUMATIC WITH SOCKETS, 3/4"" DR",General,43,80,,69,,59,,,,,in,25,19,9,3.3,Split,22,72.57,21,69.27,
7800309,,"IMPACT WRENCH, PNEUMATIC 1 1/2"" DR, WRENCH ONLY",General,32,67,,59,,46,,,,,in,21,21,12,3.06,Split,16,49,16,49,
78064159,,Laser Alignment Tool for Steam Turbine Cylinders Cover,Electronics,1,1,X,1,X,0,X,X,,1,in,20,16,8,2.22,PSC,1,2.22,,0,
78065820,,RLA TD Channel Sealant Injection Kit,Electronics,1,2,X,0,X,0,X,X,,1,in,54,54,31,20.25,PSC,1,20.25,,0,
78065825,,RLA TD Megger (1000 Volt0 AC line and Hand Cranked,Electronics,1,1,X,1,X,1,X,X,,1,in,22,14,10,2.14,PSC,1,2.14,,0,
78065828,,"RLA TD Voltage regulator Test Kit/ Gen Sim, 3 Phase (2 pcs.)  23""x23""x20"";  22""x16""x10""",Electronics,2,0,X,0,X,0,X,X,X,2,in,23,40,20,6.39,PSC,2,12.78,,0,
7800327,,KELLY KLOSURE FENCING WITHOUT SANDING ROOM,General,24,42,,52,,42,,,,,in,96,50,50,33.33,Split,12,400,12,400,
7800328,,KELLY KLOSURE FENCING WITH SANDING ROOM,General,20,41,,35,,23,,,,,in,96,84,50,56,Split,11,616,10,560,
7800340,,METRIC SAFETY HOIST RING KIT,General,16,88,,80,,50,,,,,in,35,20,20,4.86,Split,8,38.89,8,38.89,
7800349,,NOZZLE VANE REPAIR TOOL KIT,General,4,2,X,6,,5,,,,,in,38,24,26,6.33,Split,3,19,2,12.67,
7800363,,PIPE CLEANLINESS MAINT. PLUG KIT FOR HOT AND ROUGH SURFACE APPLICATIONS,General,25,48,,49,,45,,,,,in,49,38,40,12.93,Split,13,168.1,12,155.17,
7800364,,PIPE CLEANLINESS MAINTENANCE PLUG KIT (Air Bladder),General,41,143,,123,,92,,,,,in,36,26,28,6.5,Split,22,143,21,136.5,
78066087,,RLA TD Biddle Low Resistance Ohm Meter (DLRO),Electronics,1,1,X,2,X,1,X,X,,1,in,24,18,12,3,PSC,1,3,,0,
7800370,,"PORTABLE SUNNEN HAND HONE KIT (1.25"" - 2.60"")",General,16,62,,65,,54,,,,,in,21,18,12,2.63,Split,9,23.63,8,21,
7800371,,"PORTABLE SUNNEN HAND HONE KIT (2.0 - 2.6"")",General,8,19,,16,,12,,,,,in,19,16,12,2.11,Split,5,10.56,5,10.56,
7800372,,"PORTABLE SUNNEN HAND HONE KIT (2.5"" - 5.5"")",General,13,43,,46,,40,,,,,in,21,18,12,2.63,Split,7,18.38,6,15.75,
7800385,,RADIAL LEAD TOOL KIT - (Inner Cooled & Conventional),General,5,3,,6,,7,,,,,in,54,34,35,12.75,Split,3,38.25,2,25.5,
78085357,,Druck Calibration Kit with Accessories,Electronics,1,0,X,0,X,0,X,X,,1,in,23,15,9,2.4,PSC,1,2.4,,0,
7800389,,RETROFIT TOOL KIT,General,4,5,,10,,8,,,,,in,100,50,79,34.72,Split,4,138.89,4,138.89,
7800395,,SAFETY HOIST RING KIT,General,35,92,,106,,80,,,,,in,59,32,18,13.11,Split,18,236,17,222.89,
7800402,,AEH SIMULATOR TEST SET,FTS,1,0,X,0,X,0,X,X,,1,in,17,32,14,3.78,PSC,1,3.78,,0,
7800400,,"SIEMENS RESOURCE INFORMATION WORK STATION, DWG. SPGA-100-645, REV 3",General,23,75,,86,,74,,,,,in,61,43,82,18.22,Split,14,255.01,9,163.94,
78036158,,Balance Machine Extension Kit for 501-G Rotors,FTS,1,0,X,0,X,0,X,X,,1,in,48,48,12,16,PSC,1,16,,0,
7800406,,SMALL PARTS STORAGE CARTS,General,1,3,,2,X,1,X,,,,in,55,51,16,19.48,Split,1,19.48,0,0,
78036562,,Balance Machine System Assembly Tool Kit.,FTS,1,0,X,0,X,1,X,X,,1,in,24,12,12,2,PSC,2,4,,0,
7800409,,SPEC. SOCKET SET (BB44 BLADE RING and HP/IP INNER CYL),General,3,7,,8,,2,X,,,,in,20,20,12,2.78,Split,3,8.33,0,0,
7800417,,SUPPLEMENTAL METRIC TOOL SET,General,23,151,,134,,104,,,,,in,68,31,48,14.64,Split,12,175.67,12,175.67,
78047023,,"Bearing Shaker Kit, Model BE-2640-4B, 1800 RPM",FTS,1,0,X,0,X,0,X,X,,1,in,36,24,18,6,PSC,1,6,,0,
7800420,,"TAP AND DIE SET, 8 Thd",General,20,50,,48,,37,,,,,in,35,32,22,7.78,Split,10,77.78,10,77.78,
7800433,,"TRI ADJUSTABLE GANTRY CRANE, 5 Ton A-FRAME",General,2,5,,4,,3,,,,,in,25,24,6,4.17,Split,1,4.17,1,4.17,
78047024,,"Bearing Shaker Kit, Model BE-8800-2B, 3600 RPM",FTS,1,0,X,1,X,1,X,X,,1,in,35,27,21,6.56,PSC,1,6.56,,0,
7800436,,TUBE-TO-TUBE SHEET LEAK AND CLEANING KIT,General,8,8,,13,,11,,,,,in,38,25,27,6.6,Split,4,26.39,4,26.39,
7800437,,TUBE-TO-TUBE TEST AND CLEANING KIT,General,6,10,,12,,11,,,,,in,38,25,27,6.6,Split,5,32.99,4,26.39,
7800438,,TUBE-TO-TUBE TEST KIT,General,3,5,,8,,3,,,,,in,38,25,27,6.6,Split,2,13.19,2,13.19,
78067849,,Balance Machine Extension Kit For G & H Gas Turbines,FTS,1,0,X,0,X,0,X,X,,1,in,76,40,16,21.11,PSC,1,21.11,,0,
7800443,,"Type ""A"" Modular Tool  Set",General,2,4,,4,,5,,,,,in,100,205,78,142.36,Split,1,142.36,1,142.36,
78004772,,"1 1/2-TON CHAIN HOIST KIT, Extra Long Chain",General,26,42,,49,,33,,,,,in,34,21,19,4.96,Split,14,69.42,13,64.46,
78004773,,"Chain Hoist Kit, 5 Ton Electric",General,6,4,,7,,8,,,,,in,37,25,34,6.42,Split,3,19.27,3,19.27,
78005573,,"6 Ton Come Along Kit, Standard Chain",General,12,18,,18,,12,,,,,in,34,19,19,4.49,Split,8,35.89,7,31.4,
78007561,,5 Ton I-Beam Trolley Kit,General,11,6,,8,,14,,,,,in,35,20,20,4.86,Split,6,29.17,5,24.31,
7800331,,LABOR SUPPLY KIT  2pc. 48 x 48 x 24 @ 500  1pc. 70 x 40 x 80 @ 850,General,1,0,X,0,X,1,X,X,,1,in,166,136,128,156.78,Split,3,470.33,2,313.56,
78010783,,Gas Cylinder Welding Carts with Firewall Kit,General,5,27,,29,,22,,,,,in,60,40,74,16.67,Split,3,50,2,33.33,
78010797,,"Tool Set, Type ""B"". Modular Box 1 of 2 110x48x78  4795lbs  Box 2 of 2 110x48x78  4925lbs",General,18,133,,126,,111,,,,,in,110,48,78,36.67,Split,10,366.67,9,330,
78010857,,BOLT STRETCH MEASURING DEVICE FOR WESTINGHOUSE UNITS (Extensiometer),General,18,37,,39,,29,,,,,in,19,15,6,1.98,Split,9,17.81,9,17.81,
7800090,,12 TON HYDRAULIC JACKING KIT,General,3,1,X,2,X,2,X,X,X,2,in,29,31,20,6.24,Split,2,12.49,1,6.24,
78017416,,"100 Ton, Jacking Kit, Low Profile, Lock Nut",General,16,41,,34,,31,,,,,in,33,25,23,5.73,Split,8,45.83,8,45.83,
78017837,,"50 Ton, Jacking Kit, Lock Nut",General,6,10,,13,,9,,,,,in,37,37,19,9.51,Split,3,28.52,3,28.52,
78017838,,"60 Ton, Jacking Kit, Lock Nut",General,7,4,,7,,9,,,,,in,37,37,19,9.51,Split,4,38.03,3,28.52,
78017844,,Course Thread Metric Tap & Die Set,General,11,19,,17,,11,,,,,in,21,21,12,3.06,Split,6,18.38,5,15.31,
78017881,,Containerized Office/Tool Trailer Lifting Beam Assembly,General,4,13,,7,,5,,,,,in,90,22,35,13.75,Split,2,27.5,2,27.5,
78018107,,"5- Ton Chain Hoist kit, Long Chain",General,35,105,,102,,82,,,,,in,35,20,20,4.86,Split,18,87.5,17,82.64,
7800145,,BB243 MODULAR TOOL KIT,General,2,1,X,1,X,1,X,X,,1,in,92,48,78,30.67,Split,1,30.67,1,30.67,
78019944,,Mobilization Kit (Order Kit SKU: 79003697),General,3,1,X,6,,8,,,,,in,24,24,24,4,Split,2,8,1,4,
78021107,,Jack Bolt Tool Kit,General,15,69,,69,,50,,,,,in,40,24,19,6.67,Split,8,53.33,7,46.67,
78022655,,H2 COOLED GENERATOR KIT,General,17,86,,72,,55,,,,,in,68,48,31,22.67,Split,9,204,8,181.33,
78022675,,FME/Pipe Cleanliness Supplemental Kit,General,22,122,,117,,76,,,,,in,61,37,50,15.67,Split,11,172.41,10,156.74,
78026358,,"Impact Wrench, Electric, 1"" Dr.",General,8,10,,6,,4,,,,,in,21,18,12,2.63,Split,4,10.5,4,10.5,
78027864,,W501G Starting Package Alignment Kit (Torque Converter),General,2,4,,2,X,1,X,,,,in,144,48,43,48,Split,1,48,1,48,
78028626,,BB 296/96 Generator Bearing Bracket/ Bearing Cover/ Hydrogen Gland Seal Bracket/ Exciter Coupling Hydraulic Wrench Kit,General,5,18,,22,,16,,,,,in,48,24,29,8,Split,3,24,2,16,
78030378,,Human Performance Kit  for 15 per shift/ 30 total/ 2 shift,General,43,200,,198,,164,,,,,in,102,48,81,34,Split,43,1462,0,0,
78030517,,"15 Ton Chain Hoist Kit, 18' Lift, 20' Hand",General,4,7,,5,,4,,,,,in,35,21,20,5.1,Split,2,10.21,2,10.21,
7800147,,BB271/371 MODULAR TOOL KIT    Asset # 3078399,General,1,0,X,0,X,0,X,X,,1,in,100,78,48,54.17,Split,1,54.17,0,0,
78030957,,Synthetic Sling Kit (Fossil Upgrades),General,6,23,,11,,0,X,,,,in,48,30,35,10,Split,3,30,3,30,
7800156,,BB296 THROTTLE AND CONTROL VALVE INSPECTION,General,1,0,X,2,X,2,X,X,,1,in,67,32,46,14.89,Split,1,14.89,0,0,
78032425,,"Kit, Shipping Rack",General,29,38,,44,,39,,,,,in,80,48,50,26.67,Split,15,400,15,400,
7800164,,BB73 BALANCE WEIGHT INSTALLATION/REMOVAL KIT,General,1,1,X,1,X,0,X,X,,1,in,12,12,12,1,Split,1,1,0,0,
7800167,,BB81 MODULAR TOOL SET,General,1,1,X,1,X,1,X,X,,1,in,100,48,78,33.33,Split,1,33.33,1,33.33,
7800169,,"BB96 HORIZONTAL JOINT CYL COVER LIFTING BRACES KIT (Dwg.#073013SC, Rev. 0)",General,1,0,X,0,X,0,X,X,,1,in,28,16,33,3.11,Split,1,3.11,0,0,
7800170,,BB96 HP HORIZONTAL JOINT STUD REMOVAL KIT,General,1,0,X,0,X,0,X,X,,1,in,30,30,15,6.25,Split,1,6.25,0,0,
78034869,,Aerogo Air Caster Load Module System (Air Pallet) 7 Ton Capacity,General,2,2,X,4,,5,,,,,in,35,41,25,9.97,Split,1,9.97,1,9.97,
78034927,,"Nuclear - Fossil Coupling Bolt Puller Kit, Dwg. SPG-100-618",General,6,12,,13,,13,,,,,in,42,19,24,5.54,Split,3,16.63,3,16.63,
78035067,,Oxygen / Acetylene Welding Kit,General,1,3,,2,X,1,X,,,,in,32,21,21,4.67,Split,3,14,2,9.33,
7800171,,BB96 MODULAR TOOL SET (21498),General,1,1,X,0,X,0,X,X,,1,in,100,48,78,33.33,Split,1,33.33,0,0,
78035179,,"Fossil Coupling Bolt Removal Tool for 1.5"" and 2.0"" Coupling Bolts, Dwg. PH6D0063",General,5,13,,12,,9,,,,,in,45,18,14,5.63,Split,3,16.88,2,11.25,
7800183,,BRACING RING JACKING KIT,General,4,1,X,2,X,2,X,X,X,2,in,39,17,12,4.6,Split,2,9.21,2,9.21,
7800235,,FREE-STANDING BLADE TOOL KIT,General,2,2,X,2,X,1,X,X,,1,in,26,31,27,5.6,Split,2,11.19,2,11.19,
78035433,,Stop Valve Removal Kit (6.75 O.D. x 0.250 W.T),General,3,4,,11,,8,,,,,in,67,20,22,9.31,Split,2,18.61,1,9.31,
78035438,,Williams Scottsman (Modular) Mobile Office Trailer Lifting Beam Assembly,General,4,8,,9,,9,,,,,in,168,48,39,56,Split,2,112,2,112,
78035440,,TVA Safety Hoist Ring Kit (Designed for TVA Only),General,1,3,,4,,5,,,,,in,66,48,30,22,Split,1,22,0,0,
78035446,,TVA Pin Shackle Kit (Crosby only),General,2,6,,7,,7,,,,,in,60,39,30,16.25,Split,1,16.25,1,16.25,
78035458,,Steel Work Table,General,42,191,,178,,134,,,,,in,72,36,37,18,Split,30,540,13,234,
78035695,,Air Gap Baffle Tool Kit,General,5,11,,7,,7,,,,,in,36,12,8,3,Split,4,12,3,9,
7800241,,GE NUCLEAR TG MODULAR TOOL SET (2 pcs),General,1,1,X,1,X,1,X,X,,1,in,69,32,49,15.33,Split,1,15.33,0,0,
7800246,,"GENERATOR BUSHING AIR FLOW TEST ASSEMBLY, DWG. 8901D46, REV. 2",General,1,0,X,0,X,0,X,X,,1,in,24,24,12,4,Split,1,4,0,0,
78036172,,Nylon and Wire Rope Sling Kit,General,12,56,,44,,33,,,,,in,81,28,40,15.75,Split,7,110.25,6,94.5,
78036214,,"8-Ton Chain Hoist Kit, Standard Length",General,8,8,,9,,9,,,,,in,34,19,19,4.49,Split,5,22.43,4,17.94,
78036453,,"Exciter, Coupling Shear sleeve Puller Kit",General,7,18,,23,,21,,,,,in,22,16,11,2.44,Split,4,9.78,3,7.33,
7800247,,GENERATOR COIL STRAND RESISTANCE BRAZING KIT,General,5,0,X,1,X,1,X,X,X,3,in,16,16,14,1.78,Split,5,8.89,0,0,
78037311,,Container Offloading Kit,General,3,1,X,2,X,4,,,,,in,34,19,20,4.49,Split,2,8.97,2,8.97,
78037590,,Insulated Cord Hanger Kit (Spanwell Hooks),General,3,14,,17,,12,,,,,in,34,19,20,4.49,Split,2,8.97,1,4.49,
78037730,,"Shipping Box, Top & Front Loading Kit (1 Shelf)",General,9,9,,11,,9,,,,,in,69,32,49,15.33,Split,5,76.67,4,61.33,
78037731,,"Shipping Box, Top & Front Loading Kit (3 Shelf)",General,23,34,,30,,22,,,,,in,69,32,49,15.33,Split,12,184,11,168.67,
78037747,,Containerized Office/Tool Trailer Lifting Beam Assembly,General,27,128,,127,,98,,,,,in,96,35,34,23.33,Split,14,326.67,13,303.33,
7800252,,GENERATOR MODULE REPAIR TOOL KIT (3pcs),General,2,2,X,1,X,0,X,X,,1,in,68,37,27,17.47,Split,3,52.42,2,34.94,
78038586,,FOAM PIPE CLEANLINESS MAINTENANCE PLUG KIT,General,16,62,,56,,43,,,,,in,48,36,40,12,Split,9,108,8,96,
78040115,,Crossover Pipe Adapter Lifting Device Kit for BB281,General,7,7,,6,,5,,,,,in,17,13,13,1.53,Split,4,6.14,3,4.6,
7800254,,GENERATOR PHASE LEAD REPAIR TOOL KIT,General,3,0,X,0,X,0,X,X,X,2,in,36,26,26,6.5,Split,2,13,1,6.5,
7800256,,GENERATOR RESIN INJECTION KIT,General,5,0,X,0,X,0,X,X,X,3,in,17,16,13,1.89,Split,5,9.44,0,0,
78040570,,"Rotor Turning Fixture Style B for Hydraulic Jack, DWG# TC-CTSS-300-107 Rev G",General,14,51,,51,,32,,,,,in,33,18,14,4.13,Split,7,28.88,7,28.88,
78040678,,Butterfly Valve Flange Alignment Tool Kit per DWG SPGA-100-820 Rev 4,General,5,6,,4,,4,,,,,in,48,36,12,12,Split,3,36,2,24,
78040804,,EH Cap Kit for HP Turbine,General,8,22,,18,,12,,,,,in,16,12,10,1.33,Split,6,8,5,6.67,
78040805,,EH Cap Kit for LP Turbines,General,10,18,,19,,16,,,,,in,16,12,10,1.33,Split,5,6.67,5,6.67,
78041197,,SHIM KIT FOR MECHANICAL AND HYDRAULIC JACKS,General,17,79,,70,,48,,,,,in,33,18,14,4.13,Split,9,37.13,8,33,
7800261,,"GENERATOR REWIND TOOL SET  8 pcs.  (68""x31""x49""; 67""x31""x46""; 98""x47""x77""; 36""x30""x76""; 37""x45""x51""; 67""x31""x46""; 48""x48""x40"")",General,2,0,X,0,X,0,X,X,X,1,in,98,263,77,178.99,Split,1,178.99,1,178.99,
78042310,,"Sling Kit, 55' slings, Kevlar, Vertical 60,000 lbs, Basket 120,000 lbs. Choker 48,000 lbs. each.",General,3,13,,6,,0,X,,,,in,48,24,27,8,Split,1,8,1,8,
78042667,,Standard Pin Shackle Kit,General,2,16,,16,,11,,,,,in,31,67,49,14.42,Split,1,14.42,1,14.42,
78042755,,Bearing Lubrication Plate (Dennison Valve Accessory) kit,General,6,11,,13,,10,,,,,in,21,14,10,2.04,Split,4,8.17,3,6.13,
7800316,,INDUSTRIAL MODULAR TOOL KIT,General,1,1,X,1,X,2,X,X,,1,in,12,6,6,0.5,Split,1,0.5,0,0,
78043530,,Cord Protector Kit,General,11,24,,20,,18,,,,,in,42,42,22,12.25,Split,6,73.5,5,61.25,
7800318,,INNER CYLINDER INVERTING TOOL KIT,General,1,0,X,0,X,0,X,X,,1,in,120,48,36,40,Split,1,40,0,0,
78044074,,BB65 Rotor Turning Support Kit,General,1,6,,4,,0,X,,,,in,65,40,15,18.06,Split,1,18.06,0,0,
78044149,,Power Roller Shim Kit,General,11,45,,43,,31,,,,,in,31,36,18,7.75,Split,6,46.5,5,38.75,
78044207,,BB380 Arched Pad Safety Hoist Ring Kit,General,2,3,,4,,2,X,,,,in,15,13,8,1.35,Split,2,2.71,0,0,
7800321,,INTERNAL MAIN OIL RESERVOIR ADAPTER KIT CONSIST OF 2 PCS,General,2,2,X,0,X,0,X,X,,1,in,90,50,26,31.25,Split,1,31.25,1,31.25,
7800407,,SOCKET NUT REMOVAL KIT,General,4,0,X,0,X,0,X,X,X,2,in,24,17,9,2.83,Split,2,5.67,2,5.67,
78044402,,BB380 Rotor Jacking Cradle Kit Per Dwg 749J767 (4689D28),General,4,6,,6,,6,,,,,in,49,27,20,9.19,Split,2,18.38,2,18.38,
7800434,,"TRI-ADJUSTABLE GANTRY CRANE, 8 TON, A-FRAME",General,1,2,X,1,X,1,X,X,,1,in,27,24,15,4.5,Split,1,4.5,0,0,
78045551,,Hose and Cable Stand Kit Per Dwg #SPG-100-553F,General,17,55,,42,,32,,,,,in,49,27,32,9.19,Split,9,82.69,8,73.5,
78009296,,"TLRI / THRI Retaining Ring & Rotor Blower Hub Replacement Tool Set  (3 pcs.) 67""x31""x49""; (1 pc.) 75""x59""x13""; (1pc.)  91""x45""x27""",General,2,0,X,0,X,0,X,X,X,1,in,91,130,49,82.15,Split,1,82.15,1,82.15,
78019926,,Williams Scottsman Mobile Office Trailer Lifting Beam Assembly,General,3,0,X,0,X,0,X,X,X,2,in,48,27,29,9,Split,2,18,1,9,
78030627,,"Stairs, Portable for Stacking Containers",General,1,2,X,2,X,1,X,X,,1,in,96,46,84,30.67,Split,1,30.67,0,0,
78033610,,Small Transposition Clamping Kit- 3 Clamp Assemblies,General,4,1,X,2,X,2,X,X,X,2,in,22,22,18,3.36,Split,3,10.08,2,6.72,
78046448,,HP Bolt Removal Special Shackle Kit for BB296 per Dwg SPG-100-922,General,3,3,,3,,1,X,,,,in,12,12,7,1,Split,3,3,0,0,
78033612,,Medium Transposition Clamping Kit- 6 Clamp Assemblies,General,2,1,X,1,X,1,X,X,,1,in,22,22,18,3.36,Split,2,6.72,2,6.72,
78046516,,Siemens ST Bump Check Tool Kit (25K Hour),General,6,30,,26,,16,,,,,in,100,48,77,33.33,Split,4,133.33,4,133.33,
78033613,,Large Transposition Clamping Kit- 12 Clamp Assemblies,General,3,1,X,1,X,1,X,X,X,2,in,35,20,20,4.86,Split,3,14.58,0,0,
78033614,,Rewind Transposition Clamping Kit- 50 Butterfly and 40 Straight Clamp Assemblies,General,1,1,X,1,X,1,X,X,,1,in,37,28,29,7.19,Split,3,21.58,0,0,
78035105,,"Port O John Lifting Rack Kit, Dwg #100-688 Rev 3",General,1,2,X,2,X,0,X,X,,1,in,145,48,19,48.33,Split,1,48.33,0,0,
78035195,,Kelly Klosures Sanding Room Kit  2 PCS @ 2675 LBS,General,4,2,X,2,X,2,X,X,X,2,in,108,28,23,21,Split,2,42,2,42,
78035710,,Dummy Ring Jacking Tab Assembly Kit,General,2,0,X,0,X,0,X,X,X,1,in,20,12,6,1.67,Split,2,3.33,0,0,
78035728,,BB44 Flange Alignment Tool Kit (Dwg. # APGCT-100-577),General,1,0,X,0,X,0,X,X,,1,in,32,19,13,4.22,Split,1,4.22,0,0,
78036771,,80 Ton Equipment Roller Kit,General,1,1,X,1,X,0,X,X,,1,in,32,18,12,4,Split,1,4,1,4,
78038411,,Stud Puller Kit,General,3,1,X,0,X,1,X,X,X,2,in,10,10,6,0.69,Split,2,1.39,1,0.69,
78040116,,Crossover Pipe Flipping Lug for IP of BB51A,General,1,0,X,0,X,0,X,X,,1,in,21,23,21,3.35,Split,1,3.35,0,0,
78040117,,Crossover Pipe Flipping Lug for LP of BB72 & 73,General,2,0,X,2,X,2,X,X,,1,in,24,23,21,3.83,Split,1,3.83,1,3.83,
78041944,,"K Turbine, HP Exhaust Thermocouple Bending Tool Kit, Dwg. SPGH-300-116",General,1,1,X,1,X,2,X,X,,1,in,28,6,4,1.17,Split,1,1.17,0,0,
78046884,,Hoist Rigging Rack Kit (Stand Alone),General,8,32,,22,,14,,,,,in,80,48,86,26.67,Split,3,80,2,53.33,
78043041,,Current Transformer Deep Well Socket Kit,General,2,1,X,0,X,0,X,X,X,1,in,38,17,6,4.49,Split,1,4.49,1,4.49,
78049205,,Mobile Mini Office Trailer Rigging Kit (See Rigging Lifting Procedures FP501),General,5,16,,12,,7,,,,,in,60,30,37,12.5,Split,3,37.5,2,25,
78043576,,BB73R Inner Cylinder Torquing Kit.,General,1,0,X,0,X,0,X,X,,1,in,21,17,9,2.48,Split,1,2.48,0,0,
78044226,,Forklift Trailer Hitch Assembly,General,1,0,X,0,X,0,X,X,,1,in,48,26,19,8.67,Split,3,26,0,0,
78049950,,Universal Hand Tool Kit - Contains Lithium Batteries,General,38,194,,188,,147,,,,,in,48,38,73,12.67,Split,19,240.67,19,240.67,
78050260,,"Pneumatic Impact Wrench with Metric Socket Kit, 1/2"" Dr.",General,5,4,,12,,10,,,,,in,16,16,7,1.78,Split,3,5.33,2,3.56,
78044242,,Interceptor and Reheat Stop Valve Assembly and Disassembly Kit,General,1,0,X,0,X,0,X,X,,1,in,36,36,18,9,Split,1,9,0,0,
78044972,,"Siemens 13.9 LP Inner Cylinder Jacking System (2 pcs.)  45""x73""x67"";  48""x30""x35""",General,1,0,X,0,X,1,X,X,,1,in,93,103,35,66.52,Split,1,66.52,0,0,
78050751,,LP Outer Cylinder Fall Protection System -  See FP0190    (1ea 60x24x29 @830lbs    1ea84x40x34 @ 1295lbs),General,2,5,,4,,4,,,,,in,124,64,63,55.11,Split,1,55.11,1,55.11,
78050994,,Siemens Basic Tool (50K) Kit,General,3,10,,9,,6,,,,,in,96,72,72,48,Split,4,192,4,192,
78051226,,"Equipment Roller, 8-Ton with Locking Pin",General,2,3,,2,X,0,X,,,,in,16,12,4,1.33,Split,1,1.33,1,1.33,
78046123,,Closing Socket Screw Kit,General,6,0,X,0,X,0,X,X,X,3,in,10,10,6,0.69,Split,3,2.08,3,2.08,
78046302,,Siemens Blade Ring Stud Lifting Kit,General,2,0,X,0,X,0,X,X,X,1,in,12,12,7,1,Split,1,1,1,1,
78046338,,"H2 Cooler Support Bracket Kit Per Dwg #SK-2010, Maximum weight capacity 16,000 Lb assembled",General,1,0,X,0,X,0,X,X,,1,in,105,56,25,40.83,Split,1,40.83,0,0,
78052528,,Chemical Storage Cabinet Kit,General,50,161,,153,,123,,,,,in,33,35,70,8.02,Split,27,216.56,26,208.54,
78052554,,Safety Stanchion Kit,General,3,5,,3,,1,X,,,,in,52,48,58,17.33,Split,2,34.67,1,17.33,
78046487,,"HP INLET PIPE FLANGE ALIGNMENT PIN KIT (Dwg.#SPG-100-920, Rev.0)",General,1,1,X,1,X,1,X,X,,1,in,12,12,7,1,Split,1,1,0,0,
78052964,,Main Lead Bushing Cover Kit,General,2,6,,4,,4,,,,,in,64,34,30,15.11,Split,1,15.11,1,15.11,
78053363,,Titan Tri-Hold Back-up Wrench Kit,General,12,42,,52,,40,,,,,in,24,19,12,3.17,Split,7,22.17,6,19,
78046527,,"Rotor Rolling Shackle Kit - 1.50"" Diameter Coupling Hole",General,1,0,X,0,X,0,X,X,,1,in,31,16,9,3.44,Split,1,3.44,0,0,
78054260,,"Impact Socket Set, for Hydraulic Multihead Wrench",General,1,5,,6,,5,,,,,in,35,21,20,5.1,Split,1,5.1,0,0,
78055577,,Byron Braidwood Hydraulic Rolling Pin Kit,General,1,3,,4,,3,,,,,in,24,24,24,4,Split,1,4,0,0,
78046528,,"Rotor Rolling Shackle Kit - 1.75"" Diameter Coupling Hole",General,1,0,X,0,X,0,X,X,,1,in,31,16,9,3.44,Split,1,3.44,0,0,
78057392,,"Fly Up Bolt Basket Kit, Dwg. SEI-700-057",General,18,69,,53,,31,,,,,in,51,10,15,3.54,Split,9,31.88,9,31.88,
78058837,,"Rotor Rolling Kit for use with Horizontal or Vertical Turning Gear Motors, using #5 Air Drill",General,7,16,,23,,17,,,,,in,48,25,22,8.33,Split,4,33.33,3,25,
78046529,,"Rotor Rolling Shackle Kit - 2.00"" Diameter Coupling Hole",General,1,0,X,0,X,0,X,X,,1,in,31,16,9,3.44,Split,1,3.44,0,0,
78046530,,"Rotor Rolling Shackle Kit - 2.125"" Diameter Coupling Hole",General,1,0,X,0,X,0,X,X,,1,in,31,16,9,3.44,Split,1,3.44,0,0,
78059502,,Siemens ST Coupling Assembly Kit Per FSP 161,General,3,13,,15,,10,,,,,in,24,24,12,4,Split,2,8,1,4,
78060115,,Flange Alignment Pin Sets,General,1,2,X,4,,3,,,,,in,17,9,13,1.06,Split,1,1.06,0,0,
78060327,,BB296/BB96 HP Inlet Flange Alignment tool Kit per Dwg SPG-100-1037,General,2,2,X,4,,4,,,,,in,35,20,21,4.86,Split,1,4.86,1,4.86,
78060328,,BB281/BB81 LP Cross Over Pipe Flange Alignment Tool Kit per Dwg SPG-100-1038 Rev.3,General,4,9,,7,,6,,,,,in,35,20,21,4.86,Split,2,9.72,2,9.72,
78046531,,"Rotor Rolling Shackle Kit - 2.25"" Diameter Coupling Hole",General,1,1,X,0,X,0,X,X,,1,in,31,16,9,3.44,Split,1,3.44,0,0,
78061157,,"Knaack Resource Information Center Field Work Station, Knaack Model 119-01 With Waterproof LED Lighting Kit",General,13,20,,7,,13,,,,,in,63,44,83,19.25,Split,7,134.75,6,115.5,
78046532,,"Rotor Rolling Shackle Kit - 2.50"" Diameter Coupling Hole",General,1,0,X,0,X,0,X,X,,1,in,31,16,9,3.44,Split,1,3.44,0,0,
78046533,,"Rotor Rolling Shackle Kit - 2.75"" Diameter Coupling Hole",General,1,0,X,0,X,0,X,X,,1,in,31,16,9,3.44,Split,1,3.44,0,0,
78046534,,"Rotor Rolling Shackle Kit - 3.00"" Diameter Coupling Hole",General,1,0,X,0,X,0,X,X,,1,in,31,16,9,3.44,Split,1,3.44,0,0,
78046535,,"Rotor Rolling Shackle Kit - 3.25"" Diameter Coupling Hole",General,1,0,X,0,X,0,X,X,,1,in,31,16,9,3.44,Split,1,3.44,0,0,
78046544,,Siemens N Turbine (LP) Inner Casing Jacking Kit.,General,2,1,X,1,X,1,X,X,,1,in,48,36,24,12,Split,1,12,1,12,
78064823,,GE Bearing Flipping Kit,General,2,3,,1,X,1,X,,,,in,34,19,20,4.49,Split,1,4.49,1,4.49,
78046883,,BWR Empty Storage Box Kit,General,2,0,X,0,X,0,X,X,X,1,in,35,20,20,4.86,Split,2,9.72,2,9.72,
78066013,,"3 Ton Chain Hoist Kit, Long Chain, (30' Hand, 30' Lift)",General,18,37,,45,,34,,,,,in,35,21,12,5.1,Split,8,40.83,7,35.73,
78066054,,"8"" Bench Grinder Kit",General,9,48,,38,,20,,,,,in,34,19,20,4.49,Split,6,26.92,3,13.46,
78048307,,HP Main Steam Pipe Spreader Tool Kit Per Dwg #SPG-100-952 (Kit supports spreading one pipe),General,2,1,X,2,X,2,X,X,,1,in,107,24,17,17.83,Split,1,17.83,1,17.83,
78050573,,"Manway Cover Kit, Oval, 26.50 x 20.50 x .250",General,2,0,X,0,X,0,X,X,X,1,in,30,30,12,6.25,Split,1,6.25,1,6.25,
78050574,,"Manway Cover Kit, 25"" Round",General,1,0,X,0,X,0,X,X,,1,in,30,30,12,6.25,Split,1,6.25,0,0,
78068326,,Rotor Lift Pump Kit,General,6,10,,15,,10,,,,,in,37,33,18,8.48,Split,3,25.44,3,25.44,
78068717,,St. Lucie Crossover Piping Flange Bolt Kit,General,2,5,,3,,1,X,,,,in,20,16,14,2.22,Split,1,2.22,1,2.22,
78070713,,Generator Rotor Hydraulic Ram Pulling Kit,General,1,2,X,3,,2,X,,,,in,48,25,29,8.33,Split,1,8.33,0,0,
78070861,,St Lucie Crossover Flange Alignment Tool Kit,General,3,4,,3,,0,X,,,,in,37,22,15,5.65,Split,2,11.31,1,5.65,
78052396,,Heavy Horizontal Joint Nut Carriage Kit,General,1,0,X,0,X,0,X,X,,1,in,81,58,13,32.63,Split,1,32.63,0,0,
78054213,,LP Manway Ladder Kit per DWG SPG-100-1005,General,6,2,X,2,X,2,X,X,X,3,in,73,29,35,14.7,Split,3,44.1,3,44.1,
78056581,,Rotor Turning Signaling Kit,General,3,0,X,0,X,0,X,X,X,2,in,28,15,14,2.92,Split,2,5.83,1,2.92,
78076474,,"Metric Jack Bolt, Kit Per Dwg SE-HFSP-303 Rev A",General,13,47,,36,,26,,,,,in,23,19,20,3.03,Split,7,21.24,6,18.21,
78077716,,Siemens KN Valve Trolley Kit,General,1,2,X,3,,1,X,,,,in,60,24,12,10,Split,1,10,0,0,
78059359,,Siemens Actuator Lifting Kit  - TP 4 M30x35,General,1,2,X,2,X,2,X,X,,1,in,12,10,5,0.83,Split,1,0.83,1,0.83,
78082607,,Siemens Bump Check Supplemental Jack Kit,General,5,18,,12,,8,,,,,in,47,67,31,21.87,Split,3,65.6,2,43.74,
78060373,,Control & Throttle Valve Skid Lifting Brackets Kit,General,2,0,X,0,X,0,X,X,X,1,in,18,18,18,2.25,Split,1,2.25,1,2.25,
78062515,,Generator Rotor Removal Kit (Louisiana #2A),General,1,0,X,0,X,0,X,X,,1,in,35,35,8,8.51,Split,1,8.51,0,0,
78062614,,Byron/Braidwood inner cylinder extension nut wrench kit per dwg #897C850,General,2,1,X,2,X,1,X,X,,1,in,81,25,13,14.06,Split,1,14.06,1,14.06,
78063767,,13.9m2 U/H Blade Ring Support Stand Kit Per Dwg #SEI-700-029 and SEI-700-030,General,1,1,X,1,X,0,X,X,,1,in,96,60,20,40,Split,1,40,0,0,
78064585,,"1"" Dr. x 1 1/4""-8T Stud Removal Kit",General,1,2,X,1,X,0,X,X,,1,in,14,11,7,1.07,Split,1,1.07,0,0,
78064801,,"3/4"" Dr. x 1 1/4""-8t Stud Removal Kit",General,1,0,X,0,X,0,X,X,,1,in,14,11,6,1.07,Split,1,1.07,0,0,
78065876,,Generator Rewind Supplemental Tool Kit,General,1,0,X,0,X,0,X,X,,1,in,72,48,60,24,Split,1,24,0,0,
78087958,,"Modular Metric Type B Tool Set, 3 pcs; Box 1 of 3: 100x48x77 = 5480 lbs;  Box 2 of 3: 100x48x77  = 5385 lbs;  Box 3 of 3: 73x28x40= 1955 lbs",General,5,25,,15,,6,,,,,in,82,54,69,30.75,Split,2,61.5,1,30.75,
78088257,,HP-IP Turbine EH Cap Kit,General,1,3,,4,,2,X,,,,in,35,21,21,5.1,Split,1,5.1,0,0,
78066860,,13.9M^2 LP Rotor Blast Cleaning Protection Kit. For international use only. For Domestic use please order sku # 79008150,General,1,1,X,0,X,1,X,X,,1,in,24,24,24,4,Split,1,4,1,4,
78066969,,Pilgrim Coupling Sleeve Removal Kit Per Dwg SE-HFSP-244-Rev A,General,1,0,X,0,X,0,X,X,,1,in,50,48,12,16.67,Split,1,16.67,0,0,
78090859,,"Bull Gear Lifting Tool Kit, Item 7, for Gen. 871C533, 15-7/8"" OA Height, 9-3/4"" Pin,  Each Bull Gear Rated: 8,000 lbs ea. SPG-100-533",General,1,4,,5,,3,,,,,in,18,18,18,2.25,Split,1,2.25,0,0,
78093064,,Seal Scraping Safety Kit,General,2,4,,5,,2,X,,,,in,16,13,7,1.44,Split,2,2.89,0,0,
78067047,,Siemens N Turbine (LP) Cover Support Stand Kit,General,1,1,X,1,X,1,X,X,,1,in,131,48,110,43.67,Split,1,43.67,0,0,
78094759,,Siemens HE/KN  Large Threaded Ring Removal kit,General,2,10,,7,,2,X,,,,in,60,30,61,12.5,Split,1,12.5,1,12.5,
78071213,,"PORTABLE SUNNEN HAND HONE KIT (1.177"" - 1.250"")",General,1,0,X,0,X,0,X,X,,1,in,19,16,12,2.11,Split,1,2.11,0,0,
78071214,,"PORTABLE SUNNEN HAND HONE KIT (1.230"" - 1.375"")",General,1,0,X,0,X,0,X,X,,1,in,19,16,12,2.11,Split,1,2.11,0,0,
79000190,X,"Truck Ladder Kit Model #6900, 375 lb Capacity",General,4,17,,21,,9,,,,,in,48,15,24,5,Split,4,20,3,15,
79000201,X,"Equipment Roller Kit, Hilman Nyton Roller, Non Floor Marking Swivel Locking Padded, Capacity 6 tons Each",General,1,4,,3,,0,X,,,,in,24,14,14,2.33,Split,1,2.33,0,0,
78075568,,Scaffolding Support Kit,General,2,2,X,2,X,0,X,X,,1,in,24,24,24,4,Split,1,4,1,4,
79000558,X,KN Coupling Hole Alignment Kit,General,3,8,,8,,3,,,,,in,12,12,12,1,Split,1,1,0,0,
78077962,,Stop Valve Removal Kit (5.63 O.D. x 0.312 W.T),General,2,1,X,1,X,0,X,X,X,1,in,67,30,26,13.96,Split,1,13.96,1,13.96,
79001098,X,KN Turbine Push Rod Wrench Kit,General,2,11,,7,,2,X,,,,in,32,17,13,3.78,Split,1,3.78,1,3.78,
78082959,,"Byron/Braidwood 27"" Bearing Roll out Fixtures Kit  Per Drawings SPG-100-1223 and SPG-100-11227",General,1,2,X,2,X,1,X,X,,1,in,69,45,26,21.56,Split,1,21.56,0,0,
79002311,X,Field Engineer Inspection Tool Kit,General,2,8,,4,,2,X,,,,in,12,18,8,1.5,Split,1,1.5,1,1.5,
78084664,,LP to GEN Coupling Alignment Check Tool Kit,General,1,0,X,0,X,0,X,X,,1,in,12,12,12,1,Split,1,1,0,0,
78087507,,"Hoist Kit for Containerized ""A"" Metric Tool Set (78080607)",General,2,0,X,0,X,0,X,X,X,1,in,72,40,60,20,Split,1,20,1,20,
79003317,X,K Turbine Borescope Plug Extention Socket Kit - PH6D003128,General,2,6,,4,,0,X,,,,in,8,8,8,0.44,Split,1,0.44,1,0.44,
78087509,,Hoist Kit for Containerized Siemens Steam Turbine Major (100K) SKU (78051159),General,2,0,X,0,X,0,X,X,X,1,in,72,40,60,20,Split,1,20,1,20,
78087510,,"Hoist Kit for Type ""A"" Set Supplemental Kit (78029506)",General,2,0,X,0,X,0,X,X,X,1,in,72,40,60,20,Split,1,20,1,20,
78090857,,"Bull Gear Lifting Tool Kit Item 3, for Gen. 4684D92, 15-7/8"" OA Height, 11.63"" Pin,  Each Bull Gear Rated: 8,000 lbs. Per SPG-100-533",General,1,2,X,2,X,2,X,X,,1,in,18,18,18,2.25,Split,1,2.25,1,2.25,
79003480,X,Gear Threaded  Supplemental Kit,General,1,3,,1,X,0,X,,,,in,24,24,24,4,Split,1,4,0,0,
78090858,,"Bull Gear Lifting Tool Kit,  Item 1, for Gen. 793D780, 15-7/8"" OA Height, 7-1/4"" Pin, Each Bull Gear Rated: 4,000 lbs. SPG-100-533",General,1,1,X,0,X,0,X,X,,1,in,18,18,18,2.25,Split,1,2.25,0,0,
78094757,,K Turbine L-Seal Retaining Ring Removal Tool Kit,General,1,1,X,2,X,1,X,X,,1,in,24,24,18,4,Split,1,4,0,0,
7900000113,X,Nylon and Wire Rope Sling Kit the Metric Type A Tool Set (78080607),General,1,0,X,0,X,0,X,X,,1,in,60,30,50,12.5,Split,1,12.5,1,12.5,
7900000115,X,Nylon and Wire Rope Sling Kit for the Containerized A Set (7800198),General,24,2,X,0,X,0,X,X,X,12,in,60,30,50,12.5,Split,16,200,15,187.5,
79005315,X,Pop-It Flange Spreader Kit w/Safety Chocks,General,2,3,,0,X,0,X,,,,in,23,15,10,2.4,Split,1,2.4,1,2.4,
79000376,X,Point Beach LP Inner Cylinder Horizontal Joint Mulitplier & Special Socket,General,1,1,X,1,X,0,X,X,,1,in,12,12,12,1,Split,1,1,0,0,
79000714,X,"Welding Tent ""Bantam Bell""",General,1,1,X,1,X,0,X,X,,1,in,80,48,14,26.67,Split,1,26.67,0,0,
79002259,X,KN Lift Oil System Control Block Non-Return Valve Removal Tool,General,1,0,X,0,X,0,X,X,,1,in,36,36,36,9,Split,1,9,0,0,
79005590,X,SIEMENS KN MAD11 BEARING SHRUNK-IN AXIAL KEY REMOVAL TOOLIN KIT- PH6D003188,General,1,4,,0,X,0,X,,,,in,24,24,18,4,Split,1,4,0,0,
79003089,X,Nuclear Silica Mitigation Kit (Box 1 60x30x37 450lbs / Box 2 60x24x27 260lbs),General,1,1,X,1,X,0,X,X,,1,in,60,54,37,22.5,Split,1,22.5,0,0,
79003261,X,Fall Protection Kit for A-Set (in Kit 7800198),General,24,0,X,0,X,0,X,X,X,12,in,24,20,20,3.33,Split,12,40,12,40,
79003318,X,Pilgrim Coupling Hole Alignment Tool Chat (K4520),General,1,1,X,1,X,0,X,X,,1,in,16,16,16,1.78,Split,1,1.78,0,0,
78000810,,"HEAD KIT,HYDRAULIC, HY-3XLT or Equiv.1"" DR.",Hydraulic,33,101,,82,,65,,,,,in,15,11,7,1.15,Split,17,19.48,16,18.33,
7800149,,BB281 CYLINDER COVER STUD TENSIONING KIT,Hydraulic,1,3,,2,X,3,,,,,in,62,37,30,15.93,Split,1,15.93,0,0,
7800157,,BB296 THROTTLE VALVE STUD TENSIONER KIT,Hydraulic,2,4,,7,,6,,,,,in,38,50,29,13.19,Split,1,13.19,1,13.19,
79003396,X,"INTERCEPTOR VALVE ACTUATOR SPRING CAN COMPRESSION BRACE KIT FOR 20.00"" AND 23.50"" VALVES PH6D002967 and PH6D003010",General,1,2,X,1,X,0,X,X,,1,in,36,16,16,4,Split,1,4,0,0,
7800251,,"TORQUE WRENCH, HYDRAULIC, HY-1MXT / XLT OR EQUIVALENT  3/4"" Dr., GENERATOR",Hydraulic,23,68,,42,,45,,,,,in,31,23,23,4.95,Split,12,59.42,11,54.47,
7800276,,"HEAD KIT,HYDRAULIC,HY10-XLT or Equiv.1 1/2""DR.",Hydraulic,19,43,,30,,24,,,,,in,22,18,13,2.75,Split,10,27.5,9,24.75,
7800279,,"HEAD KIT, HYDRAULIC, HY-14XLCT",Hydraulic,7,23,,17,,10,,,,,in,35,20,23,4.86,Split,4,19.44,3,14.58,
79003753,X,"INTERCEPTOR VALVE ACTUATOR SPRING CAN COMPRESSION BRACE KIT FOR 13.44"" AND 14.12"" VALVES PH6D002967 and PH6D003010",General,1,1,X,0,X,0,X,X,,1,in,36,16,16,4,Split,1,4,0,0,
79003754,X,"INTERCEPTOR VALVE ACTUATOR SPRING CAN COMPRESSION BRACE KIT FOR 16.00"" AND 17.00"" VALVES PH6D002967 and PH6D003010",General,1,2,X,2,X,0,X,X,,1,in,36,16,16,4,Split,1,4,0,0,
7800282,,"HEAD KIT, HYDRAULIC,1XLT or Equiv. 3/4"" DR.",Hydraulic,27,87,,74,,51,,,,,in,15,11,7,1.15,Split,14,16.04,14,16.04,
7800283,,"HEAD KIT, HYDRAULIC, HY25-XLT",Hydraulic,1,2,X,3,,1,X,,,,in,22,21,11,3.21,Split,1,3.21,0,0,
7800284,,"Head Kit, Hydraulic,  HY-2XLCT or Equivalent with 2"" Ratchet Box Link",Hydraulic,6,9,,8,,5,,,,,in,16,12,7,1.33,Split,4,5.33,3,4,
7800285,,"Head Kit, Hydraulic,  HY-2XLCT or Equivalent with 2 1/4"" Ratchet Box Link",Hydraulic,8,6,,7,,9,,,,,in,13,13,8,1.17,Split,4,4.69,4,4.69,
7800287,,"HY3XLT HEX DRIVE KIT, (Standard)",Hydraulic,7,11,,7,,6,,,,,in,8,8,4,0.44,Split,4,1.78,4,1.78,
7800289,,"TORQUE WRENCH,  HYDRAULIC, HY STEALTH - 4, OR EQUIVALENT, 1"" Dr.",Hydraulic,26,22,,30,,28,,,,,in,30,20,20,4.17,Split,13,54.17,12,50,
7800290,,"Head Kit, Hydraulic, HY-4ULC, or Equivalent",Hydraulic,4,11,,13,,9,,,,,in,17,12,11,1.42,Split,2,2.83,2,2.83,
7800291,,"HEAD KIT, HYDRAULIC, HY-5XLT/5MXT",Hydraulic,18,39,,36,,30,,,,,in,21,18,13,2.63,Split,8,21,8,21,
7800292,,"HEAD KIT, HYDRAULIC, STEALTH ST8/WX8 or Equivalent",Hydraulic,8,20,,15,,11,,,,,in,21,21,18,3.06,Split,4,12.25,4,12.25,
79003852,X,13.9m2 Inner Cylinder Jacking kit for Westinghouse BB81 Turbines Per Dwg #PH6D002901,General,1,1,X,1,X,0,X,X,,1,in,60,24,18,10,Split,1,10,0,0,
7800294,,"HEAD KIT, HYDRAULIC, HY-8XLT",Hydraulic,5,5,,5,,5,,,,,in,21,18,13,2.63,Split,3,7.88,2,5.25,
7800295,,"PUMP KIT, HYDRAULIC",Hydraulic,18,51,,49,,35,,,,,in,21,22,24,3.21,Split,8,25.67,8,25.67,
7800296,,"TORQUE WRENCH, HYDRAULIC, HY- 10 MXT / XLT 1 1/2"" Dr, OR EQUIVALANT",Hydraulic,42,76,,47,,40,,,,,in,31,23,23,4.95,Split,21,103.98,20,99.03,
7800297,,"TORQUE WRENCH, HYDRAULIC, HY-8XLT or Equivalent",Hydraulic,6,14,,9,,3,,,,,in,31,23,23,4.95,Split,3,14.85,3,14.85,
7800298,,"TORQUE WRENCH, HYDRAULIC, STEALTH - 8, 1 1/2"" Dr.",Hydraulic,11,48,,43,,31,,,,,in,31,23,23,4.95,Split,6,29.71,6,29.71,
7800299,,"TORQUE WRENCH, HYDRAULIC,  HY- 3MXT / 3XLT, OR EQUIVALENT, 1"" Dr.",Hydraulic,59,125,,91,,81,,,,,in,31,23,23,4.95,Split,30,148.54,29,143.59,
79005365,X,WESTINGHOUSE THROTTLE VALVE BONNET RIGGING BRACKET (PH6D003215),General,1,2,X,1,X,0,X,X,,1,in,23,19,12,3.03,Split,1,3.03,0,0,
7800301,,"WRENCH, TORQUE, HYDRAULIC,  HY-2XLCT OR EQUIVALANT WITH 2 1/4"" BOX LINK",Hydraulic,8,17,,19,,17,,,,,in,31,24,24,5.17,Split,4,20.67,4,20.67,
7800345,,"HYDRAULIC WRENCH SET, MULTIHEAD",Hydraulic,41,233,,231,,161,,,,,in,49,48,38,16.33,Split,21,343,20,326.67,
79005376,X,HYDROGEN GLAND SEAL HOLDER FOR TOSHIBA SYTLE UNITS-PH6D003068,General,1,0,X,0,X,0,X,X,,1,in,23,18,12,2.88,Split,1,2.88,0,0,
79005393,X,"REACTION BASE PLATE, LARGE (PH6D003190) FOR SPRING CAN COMPRESSION (PH6D002967) TOOLING KIT SKU: 79003754 AND  SKU: 79003396",General,1,1,X,1,X,0,X,X,,1,in,42,38,27,11.08,Split,1,11.08,0,0,
79005736,X,LP Rotor Masking Kit,General,5,2,X,1,X,0,X,X,X,3,in,36,20,24,5,Split,3,15,2,10,
7800431,,TORQUING TOOL KIT,Hydraulic,6,8,,6,,7,,,,,in,62,13,6,5.6,Split,3,16.79,3,16.79,
7800441,,TURBO AIR HYDRAULIC PUMP KIT,Hydraulic,17,35,,39,,23,,,,,in,37,33,18,8.48,Split,11,93.27,11,93.27,
78004765,,"Nut Runner Kit, 1 1/2"" Dr., 4400 ft/lb",Hydraulic,48,132,,128,,96,,,,,in,24,21,24,3.5,Split,23,80.5,23,80.5,
78004766,,"Nut Runner Kit, 1"" Dr., 1800 ft/lb",Hydraulic,55,135,,139,,105,,,,,in,24,21,24,3.5,Split,24,84,24,84,
78007685,,Torque Wrench Calibration Systems 800 FT.LB.,Hydraulic,5,12,,16,,16,,,,,in,36,22,16,5.5,Split,3,16.5,2,11,
78009117,,Torque Wrench Calibration Systems 6500 ft.lb.,Hydraulic,5,5,,9,,10,,,,,in,24,16,15,2.67,Split,2,5.33,2,5.33,
78010949,,"STUD TENSIONING TOOL KIT HYDRATIGHT/SWEENEY, 296/281 TOOLING",Hydraulic,2,3,,4,,5,,,,,in,73,25,30,12.67,Split,1,12.67,1,12.67,
79005920,X,"KN Balancing Weight Removal Tools, Weights and Access - Carl Walter",General,1,0,X,0,X,0,X,X,,1,in,48,20,10,6.67,Split,1,6.67,0,0,
78028625,,BB 281/296 Governor Valve Hydraulic Wrench Kit,Hydraulic,2,4,,5,,6,,,,,in,42,20,24,5.83,Split,1,5.83,1,5.83,
78028627,,BB 281 LP Blade Ring Unbolting and Torquing Tool Kit,Hydraulic,2,4,,3,,4,,,,,in,48,25,29,8.33,Split,2,16.67,0,0,
78028628,,BB 296 HP Blade Ring Unbolting and Torquing Tool Kit,Hydraulic,1,4,,4,,2,X,,,,in,49,48,38,16.33,Split,1,16.33,0,0,
78036343,,HY3XLT/3MXT HEX DRIVE KIT (Metric),Hydraulic,7,16,,13,,7,,,,,in,10,10,6,0.69,Split,4,2.78,4,2.78,
78043100,,"Head Kit, Generator Bearing Horizontal Joint Kit (Avanti 3)",Hydraulic,7,19,,21,,14,,,,,in,20,16,14,2.22,Split,4,8.89,3,6.67,
79005927,X,"SIEMENS N-TURBINE INTERNAL BOLTING WRENCH, PH6D003328",General,1,1,X,0,X,0,X,X,,1,in,20,20,20,2.78,Split,1,2.78,0,0,
7800162,,"TORQUE WRENCH, HYDRAULIC, BB72RG",Hydraulic,1,0,X,1,X,2,X,X,,1,in,30,20,20,4.17,Split,1,4.17,0,0,
78043512,,"Stealth 4, Head, With 2"" Box Link",Hydraulic,2,6,,7,,6,,,,,in,16,12,7,1.33,Split,2,2.67,1,1.33,
7800280,,"HEAD KIT, HYDRAULIC, HY-18XLCT FOR 75MM COUPLING BOLT",Hydraulic,2,0,X,0,X,0,X,X,X,1,in,35,25,16,6.08,Split,1,6.08,1,6.08,
78057565,,"Hydraulic Cylinder Pump Kit, Enerpac PUJ1200B",Hydraulic,6,13,,10,,10,,,,,in,20,20,24,2.78,Split,3,8.33,3,8.33,
78060782,,"Hydraulic Flange Alignment Kit, Enerpac ATM-9",Hydraulic,1,3,,3,,1,X,,,,in,28,18,12,3.5,Split,0,0,1,3.5,
78065916,,Steam Gland Hydraulic Wrench Kit,Hydraulic,10,37,,43,,25,,,,,in,24,24,20,4,Split,5,20,5,20,
7800293,,"HEAD KIT, HYDRAULIC, HY-8XLCT",Hydraulic,1,1,X,1,X,0,X,X,,1,in,17,12,11,1.42,Split,1,1.42,0,0,
7800300,,"TORQUE WRENCH, HYDRAULIC, HY-25XLT",Hydraulic,1,0,X,1,X,2,X,X,,1,in,39,20,23,5.42,Split,1,5.42,0,0,
7800378,,POWER WRENCH-Model-YA-395 or 6252,Hydraulic,3,0,X,0,X,0,X,X,X,2,in,23,11,16,1.76,Split,3,5.27,0,0,
7800429,,TORQUE CALIBRATION EQUIPMENT KIT,Hydraulic,1,0,X,0,X,0,X,X,,1,in,37,29,28,7.45,Split,1,7.45,0,0,
79004115,X,"Nut Runner, Battery Powered, Torque Wrench Kit, Model B-Rad 700-02",Hydraulic,1,4,,2,X,0,X,,,,in,18,18,18,2.25,Split,0,0,1,2.25,
7800358,,OUT-OF-SHELL COOLER BUNDLE CLEANING KIT WITH 40' VAT    10 PCS @ 18230-LBS,Oil Flush,1,2,X,0,X,0,X,X,,,in,480,79,99,263.33,PSC,0,0,,0,1
7800082,,1000 GPM OIL FILTRATION PUMP & RESERVOIR,Oil Flush,1,3,,3,,1,X,,,,in,144,152,78,152,PSC,1,152,,0,
7800430,,TORQUE CALIBRATION EQUIPMENT KIT (Small Kit),Hydraulic,1,0,X,0,X,0,X,X,,1,in,33,29,29,6.65,Split,1,6.65,0,0,
78011267,,Siemens Tensioning Tool Kit for Hytorc Clamp Nuts,Hydraulic,1,2,X,1,X,1,X,X,,1,in,41,37,24,10.53,Split,1,10.53,0,0,
78043316,,"Head Kit, Hydraulic, Stealth 22",Hydraulic,1,2,X,0,X,0,X,X,,1,in,21,21,12,3.06,Split,1,3.06,0,0,
78043413,,Stealth 8  70mm Hex Kit,Hydraulic,1,0,X,1,X,1,X,X,,1,in,12,12,7,1,Split,1,1,0,0,
78045521,,"Head Kit, hydraulic, Avanti 20' 2 1/2"" Square Drive",Hydraulic,2,1,X,0,X,0,X,X,X,1,in,20,20,17,2.78,Split,1,2.78,1,2.78,
7800120,,501 CT FLUSHING KIT FOR HYDROGEN COOLED GENERATORS,Oil flush,2,11,,11,,5,,,,,in,36,36,24,9,PSC,2,18,,0,
7800124,,"PIPE BENDER, ELECTRIC, GREENLEE MODEL 555",Oil Flush,1,5,,2,X,2,X,,,,in,46,41,39,13.1,PSC,1,13.1,,0,
7800173,,BEARING ADAPTER KIT FOR LUBE OIL FILTRATION,Oil Flush,4,6,,6,,4,,,,,in,26,28,23,5.06,PSC,4,20.22,,0,
7800190,,COMBUSTION TURBINE FUEL OIL FILTRATION CIRCULATION KIT,Oil Flush,1,3,,3,,0,X,,,,in,24,18,18,3,PSC,1,3,,0,
78079310,,BB281 CYLINDER COVER STUD TENSIONING KIT (HYDRATIGHT SWEENY),Hydraulic,1,1,X,1,X,1,X,X,,1,in,62,37,29,15.93,Split,1,15.93,0,0,
78084733,,"HEAD KIT, HYDRAULIC, Stealth 14 with 110mm Box Link",Hydraulic,1,0,X,1,X,2,X,X,,1,in,18,18,18,2.25,Split,1,2.25,0,0,
79000701,X,Modified Tensioners for LP80 / 81R Inner Casings,Hydraulic,1,0,X,0,X,0,X,X,,1,in,21,21,24,3.06,Split,1,3.06,0,0,
7800102,,2700 GPM OIL FILTRATION PUMP KIT,Oil Flush,1,1,X,1,X,0,X,X,,1,in,120,60,60,50,PSC,1,50,,0,
7800233,,FLUID SYSTEMS TOOL SET,Oil Flush,5,28,,30,,20,,,,,in,104,48,80,34.67,PSC,4,138.67,,0,
7800110,,3100 GALLON TURBINE OIL STORAGE RESERVOIR,Oil Flush,1,1,X,1,X,0,X,X,,1,in,184,96,104,122.67,PSC,1,122.67,,0,
7800116,,4200 GPM OIL FILTRATION SKID WITH PUMP AND FILTERS KIT CONSIST OF 6 PCS,Oil Flush,1,1,X,0,X,0,X,X,,1,in,60,120,60,50,PSC,2,100,,0,
7800117,,"500 GPM (Direct Drive) OIL FILTRATION FLUSH KIT; Box 1- 118""x50""x84""; Box 2- 66""x31""x46"";   Box 3 -136""x48""x54""",Oil Flush,1,2,X,2,X,1,X,X,,1,in,136,130,84,122.78,PSC,1,122.78,,0,
7800199,,CONTROL OIL W/HYDROBLAST PERMANENT MODIFICATION KIT (ASTM material certifications required),Oil Flush,1,0,X,0,X,0,X,X,,1,in,47,30,32,9.79,PSC,2,19.58,,0,
7800220,,DRAIN GUARD AND PEDESTAL PERMANENT MODIFICATION  KIT,Oil Flush,1,0,X,0,X,0,X,X,,1,in,67,30,24,13.96,PSC,1,13.96,,0,
7800224,,"BENDER, HYDRAULIC, ENERPAC #S-308",Oil Flush,1,1,X,1,X,0,X,X,,1,in,48,24,24,8,PSC,1,8,,0,
7800314,,INDUSTRIAL FILTRATION FLUSH KIT,Oil Flush,1,2,X,3,,2,X,,,,in,48,36,60,12,PSC,1,12,,0,
7800332,,LARGE OIL SAMPLE KIT,Oil Flush,2,8,,5,,1,X,,,,in,47,30,32,9.79,PSC,2,19.58,,0,
7800226,,"CONDUIT & PIPE  BENDER, HYDRAULIC, ENERPAC B-351",Oil Flush,1,1,X,1,X,1,X,X,,1,in,48,31,35,10.33,PSC,1,10.33,,0,
7800350,,OIL ANALYSIS KIT,Oil Flush,2,4,,5,,3,,,,,in,47,29,32,9.47,PSC,2,18.93,,0,
7800267,,"CONDUIT BENDER, GREENLEE 884",Oil Flush,1,2,X,1,X,1,X,X,,1,in,24,18,12,3,PSC,1,3,,0,
7800353,,OIL SAMPLE STRAINER ASSEMBLY KIT,Oil Flush,4,11,,11,,6,,,,,in,79,42,70,23.04,PSC,4,92.17,,0,
7800269,,"TUBE BENDER, HYDRAULIC, GREENLEE MODEL 880",Oil Flush,2,0,X,0,X,0,X,X,X,2,in,48,16,16,5.33,PSC,2,10.67,,0,
7800365,,"PIPING TOOL KIT WITH RIDGID 535 PIPE MACHINE- 68""x32""x46"";  49""x32""x57""",Oil Flush,2,6,,3,,2,X,,,,in,68,64,57,30.22,PSC,2,60.44,,0,
7800270,,"H & M BEVELING MACHINE, 4"" TO 8""",Oil Flush,1,0,X,0,X,0,X,X,,1,in,24,24,24,4,PSC,1,4,,0,
7800398,,"SEAL OIL FILTRATION KIT, CONSISTS OF 2 PCS",Oil Flush,4,5,,4,,1,X,,,,in,50,48,60,16.67,PSC,4,66.67,,0,
7800272,,"H&M NO. 2 BEVELING MACHINE 8"" TO 12""",Oil Flush,1,0,X,0,X,0,X,X,,1,in,22,21,24,3.21,PSC,1,3.21,,0,
7800274,,HEAT EXCHANGER/CHEMICAL FILTRATION FLUSHING KIT,Oil Flush,1,2,X,1,X,1,X,X,,1,in,50,36,50,12.5,PSC,1,12.5,,0,
78012377,,"4200 GPM Oil Filtration Skid, Elbow Rack",Oil Flush,2,3,,1,X,0,X,,,,in,95,49,52,32.33,PSC,2,64.65,,0,
78012380,,"4200 Oil Filtration Skid, 10"" and 12"" Hose Rack",Oil Flush,2,3,,1,X,0,X,,,,in,124,64,60,55.11,PSC,2,110.22,,0,
7800275,,"HOT WATER PRESSURE WASHER, 3000 PSI (2pcs)",Oil Flush,2,2,X,1,X,0,X,X,,2,in,60,80,60,33.33,PSC,2,66.67,,0,
78014524,,"Lube Oil Flush Heater Kit, 75 KW - 4""",Oil Flush,2,5,,2,X,1,X,,,,in,96,36,60,24,PSC,2,48,,0,
78014663,,"HOT WATER PRESSURE WASHER, 2000 PSI",Oil Flush,4,3,,3,,3,,,,,in,53,50,53,18.4,PSC,4,73.61,,0,
78019827,,Fluid System 3 Rack Manifold Kit,Oil Flush,5,7,,4,,1,X,,,,in,94,58,48,37.86,PSC,5,189.31,,0,
7800337,,MAIN OIL RESERVOIR & STRAIGHT LEG PERMANENT MODIFICATION  KIT,Oil Flush,2,1,X,1,X,0,X,X,X,2,in,36,26,29,6.5,PSC,2,13,,0,
78024098,,COMBUSTION TURBINE FUEL OIL CV TEST KIT,Oil Flush,1,4,,3,,0,X,,,,in,48,24,16,8,PSC,1,8,,0,
78029431,,Spill Berm Kit (10'x10'x1') - 745 Gallons,Oil Flush,1,4,,4,,1,X,,,,in,41,32,35,9.11,PSC,1,9.11,,0,
78029432,,Spill Berm Kit (10'x 20'x1') - 1490 Gallons,Oil Flush,1,5,,5,,2,X,,,,in,37,24,33,6.17,PSC,1,6.17,,0,
78029516,,Fluid System Containerized Tool Kit,Oil Flush,9,23,,25,,15,,,,,ft,20,8,8.5,160,PSC,5,800,,0,
7800351,,45 GPM OIL PURIFICATION COMBO KIT (PALL),Oil Flush,1,0,X,0,X,0,X,X,,1,in,100,72,86,50,PSC,1,50,,0,
7800369,,"PORTABLE OIL FILTRATION FLUSH PUMP, 500 GPM",Oil Flush,1,0,X,0,X,0,X,X,,1,in,72,50,50,25,PSC,1,25,,0,
7800405,,SMALL OIL SAMPLE KIT,Oil Flush,2,1,X,1,X,0,X,X,X,2,in,33,20,19,4.58,PSC,2,9.17,,0,
78013752,,"Fluid Systems Filtering System, Single Element, for EH Fluid only",Oil Flush,1,1,X,1,X,2,X,X,,1,in,48,30,59,10,PSC,1,10,,0,
78020340,,"Heat Exchanger Cleaning Kit, Air Powered",Oil Flush,1,0,X,0,X,0,X,X,,1,in,36,21,20,5.25,PSC,1,5.25,,0,
78032457,,EHC Fluid Flush Kit,Oil Flush,1,0,X,0,X,1,X,X,,1,in,60,48,50,20,PSC,1,20,,0,
78044028,,"Fluid System Service Adjustable Pipe Support Stand Kit, 2000 Lb. Cap. (FSS Use Only)",Oil Flush,3,14,,20,,11,,,,,in,73,50,41,25.35,PSC,3,76.04,,0,
78046549,,Smart Cart Oil Analysis System,Oil Flush,4,12,,9,,4,,,,,in,33,32,54,7.33,PSC,2,14.67,,0,
78051243,,"Beam Clamp Kit, Model USC4, 8960 lb Capacity for 6"" to 12"" Flange. FSS Use Only",Oil flush,2,0,X,5,,6,,,,,in,25,21,9,3.65,PSC,2,7.29,,0,
78051244,,"Beam Clamp Kit, Model USC5, 11,200 lb Capacity for 6"" to 12"" Flange. FSS Use Only",Oil flush,2,1,X,3,,2,X,,,,in,25,21,9,3.65,PSC,2,7.29,,0,
78051317,,Pneumatic Coupon Bender Kit - FSS Use Only,Oil Flush,1,2,X,3,,3,,,,,in,36,26,28,6.5,PSC,1,6.5,,0,
78033738,,"Fluid Systems Filtering System, Three Element",Oil Flush,1,2,X,2,X,1,X,X,,1,in,48,30,60,10,PSC,1,10,,0,
78034465,,"4200 GPM OIL FILTRATION KIT, MODULAR, WITH PUMP AND FILTERS",Oil Flush,1,1,X,0,X,0,X,X,,1,in,16,8,8,0.89,PSC,1,0.89,,0,
78057444,,Parker Hannifin Fluid System Service Hydraulic Tube Bender Model HB632 (FSS Use Only),Oil flush,2,15,,18,,12,,,,,in,49,27,26,9.19,PSC,2,18.38,,0,
78060876,,Parker HB632 Supplemental Pipe Bending Kit (Kit to be used with HB632 bender ONLY),Oil Flush,1,7,,7,,4,,,,,in,35,20,20,4.86,PSC,1,4.86,,0,
78036796,,"10"" 150 PSI Flanged Gate Valve Kit",Oil Flush,2,1,X,1,X,0,X,X,X,2,in,51,24,26,8.5,PSC,2,17,,0,
78039681,,"Valve, Foot, 8"" Flanged, 150#",Oil flush,2,1,X,1,X,0,X,X,X,2,in,20,20,24,2.78,PSC,2,5.56,,0,
78042996,,"10"" 150 Lb. Foot Valve Assembly, Flanged Kit",Oil Flush,1,1,X,1,X,0,X,X,,1,in,25,25,28,4.34,PSC,1,4.34,,0,
78054206,,"Spill Berm Kit (6""x8'x8') - 237 Gallons",Oil Flush,1,0,X,1,X,1,X,X,,1,in,38,28,20,7.39,PSC,1,7.39,,0,
78062461,,"Fluid System Service Adjustable Pipe Support Stand Kit, 2500 Lb. Cap. (FSS Use Only)",Oil Flush,3,6,,9,,5,,,,,in,60,36,24,15,PSC,3,45,,0,
78062709,,Pneumatic Portable Beveling Tool Kit (FSS use only),Oil flush,1,1,X,3,,3,,,,,in,20,36,36,5,PSC,1,5,,0,
78064235,,FSS Pipe Inspection Camera (for FSS use only),Oil Flush,5,27,,32,,23,,,,,in,29,27,25,5.44,PSC,5,27.19,,0,
78056589,,"Camera Kit, Thermal Imager (FLIR), Fluke (FSS USE ONLY)",Oil Flush,1,1,X,0,X,0,X,X,,1,in,21,17,9,2.48,PSC,1,2.48,,0,
78065166,,Ultrasonic Water Flow Test Kit,Oil flush,2,7,,5,,3,,,,,in,31,21,16,4.52,PSC,2,9.04,,0,
78061260,,"14"" Weld Prep Grinding Kit (FSS USE ONLY)",Oil Flush,2,0,X,0,X,2,X,X,,2,in,35,21,21,5.1,PSC,2,10.21,,0,
78065609,,"Modular Containerized Oil Filtration Flushing Kit (3 Cylinder or larger, 2 Containers)",Oil Flush,2,4,,3,,1,X,,,,ft,20,8,8.5,160,PSC,2,320,,0,
78061393,,"Pipe Bender, Hydraulic, (Manual), Ridgid #HB382 (FSS Use Only)",Oil Flush,1,1,X,1,X,0,X,X,,1,in,35,21,21,5.1,PSC,1,5.1,,0,
78061448,,Argon Duplex Manifold Pipe Purge Kit (FSS Only),Oil Flush,1,2,X,1,X,1,X,X,,1,in,39,25,14,6.77,PSC,1,6.77,,0,
78076971,,"Portable Pipe Stand Kit, Hi Boy with Vee Head, 39"" to 55"" Adjustable Height, 1,000 lb. Capacity",Oil Flush,2,9,,6,,2,X,,,,in,48,25,29,8.33,PSC,2,16.67,,0,
78080963,,"14"" Pipe Weld Alignment Clamp Kit Per Dwg FSP030818",Oil Flush,1,2,X,3,,1,X,,,,in,42,19,24,5.54,PSC,1,5.54,,0,
78061527,,"Oxygen Meter Kit, Aquasol Programmable Digital - FSS Use Only",Oil Flush,1,1,X,1,X,1,X,X,,1,in,17,13,7,1.53,PSC,1,1.53,,0,
78065025,,Hydraulic Control Oil Transfer Filter Kit (Not for Use with EHC Fluid),Oil Flush,1,0,X,0,X,1,X,X,,1,in,48,36,60,12,PSC,1,12,,0,
78065587,,"Hot Water Pressure Washer, 2800PSI",Oil Flush,1,2,X,0,X,0,X,X,,1,in,57,55,52,21.77,PSC,1,21.77,,0,
78074357,,"Fluid Systems Filtering System, Six Element",Oil Flush,1,2,X,1,X,0,X,X,,1,in,49,67,78,22.8,PSC,1,22.8,,0,
79000286,X,GT Hydraulic System Flushing Kit - Mineral Oil Only,Oil Flush,3,14,,14,,6,,,,,in,24,28,24,4.67,PSC,3,14,,0,
79000357,X,"Bender, Hydraulic, Hand Crank, Swagelok, RENTAL, from Swagelok ONLY!",Oil Flush,2,4,,4,,1,X,,,,in,12,10,14,0.83,PSC,1,0.83,,0,
79001186,X,Siemens FSS Camera Monitoring Skid,Oil flush,1,3,,2,X,0,X,,,,in,50,50,72,17.36,PSC,1,17.36,,0,
78075111,,Fluid System 1 Manifold Kit,Oil Flush,1,2,X,2,X,1,X,X,,1,in,80,36,49,20,PSC,1,20,,0,
78083532,,MBVM Multi-Blade Vibration Monitoring Tool Kit - FSS Use Only,Oil flush,1,2,X,1,X,1,X,X,,1,in,41,29,28,8.26,PSC,1,8.26,,0,
79002927,X,PAS  Electrical Container Kit,Oil flush,1,4,,1,X,0,X,,,,in,8,10,8.5,0.56,PSC,2,1.11,,0,
78086760,,"16"" Pipe Weld Alignment Clamp Kit Per Dwg FSP030818",Oil Flush,1,0,X,0,X,0,X,X,,1,in,49,27,12,9.19,PSC,1,9.19,,0,
78086761,,"20"" Pipe Weld Alignment Clamp Kit Per Dwg FSP030818",Oil Flush,1,1,X,2,X,2,X,X,,1,in,37,27,20,6.94,PSC,1,6.94,,0,
79005891,X,"Swagelok Multi-Head Swaging Unit (MHSU) Kit, Up To 1"" Tubing",Oil flush,5,9,,0,X,0,X,,,,in,20,20,18,2.78,PSC,2,5.56,,0,
79005902,X,"Swagelok Bench Top Bender Kit with Drill Attachment, up to 1"" Tubing",Oil flush,2,4,,0,X,0,X,,,,in,24,24,24,4,PSC,1,4,,0,
7800068,,"0""-24"" OUTSIDE MICROMETER SET (Box 1  44”x28”x26” 140 lbs.  /Box 2  25”x20x”x15”  44 lbs)",Precision,9,29,,35,,26,,,,,in,39,23,23,6.23,Split,6,37.38,5,31.15,
78000839,,Muffler Groove Measuring Tool Kit,Precision,10,17,,19,,19,,,,,in,27,5,5,0.94,Split,5,4.69,5,4.69,
78094620,,"Bender, Heavy Wall, Baileigh RBD-150-AS Bender Kit",Oil Flush,1,2,X,2,X,1,X,X,,1,in,48,24,24,8,PSC,1,8,,0,
7800135,,"8-80"" DIGITAL INSIDE MICROMETER SET, provides digital readout to .0001"" or .001mm, RANGE METRIC 200mm TO 2000mm",Precision,14,52,,48,,35,,,,,in,22,16,8,2.44,Split,7,17.11,6,14.67,
7800178,,BOICE GAGE,Precision,3,7,,2,X,0,X,,,,in,13,12,6,1.08,Split,1,1.08,1,1.08,
7800342,,"MODULAR PRECISION TOOL KIT ""A""",Precision,4,8,,7,,5,,,,,in,78,26,14,14.08,Split,3,42.25,2,28.17,
7800380,,PSDS DEPTH GAUGE,Precision,31,58,,50,,49,,,,,in,17,12,6,1.42,Split,16,22.67,15,21.25,
7800421,,TESA TURBINE CYLINDER GAUGE,Precision,11,37,,42,,32,,,,,in,32,21,9,4.67,Split,6,28,5,23.33,
78005715,,2000 FT.LB. TORQUE WRENCH,Precision,2,2,X,6,,4,,,,,in,65,8,6,3.61,Split,1,3.61,1,3.61,
78018911,,"Dynamometer, Electronic 100k lbs capacity, with remote reader",Precision,7,23,,26,,14,,,,,in,49,25,21,8.51,Split,4,34.03,3,25.52,
78029949,,"EDxtreme DIGITAL 50K DYNAMOMETER, EDx20T (50,000 LBS)",Precision,9,30,,39,,25,,,,,in,32,17,16,3.78,Split,4,15.11,4,15.11,
79001235,X,"Cart, Heavy Duty Valve/Pipe Cart, with tie-down rings, FSS use only kit (2ea per kit)",Oil Flush,1,1,X,1,X,1,X,X,,1,in,60,48,48,20,Split,1,20,0,0,
78043076,,Anderson Tru-Checker Roller Set,Precision,1,3,,1,X,0,X,,,,in,21,17,16,2.48,Split,1,2.48,0,0,
78044022,,Radial and Axial Charting Kit,Precision,8,23,,20,,14,,,,,in,25,20,9,3.47,Split,4,13.89,4,13.89,
79002488,X,GT Hydraulic System Flushing Kit - Fyrquel Only,Oil flush,2,0,X,0,X,0,X,X,X,2,in,24,18,24,3,PSC,2,6,,0,
79003107,X,2100 GPM OIL FILTRATION PUMP KIT,Oil Flush,1,2,X,2,X,1,X,X,,1,in,72,36,50,18,PSC,1,18,,0,
78049832,,"Pi-Tape Kit Range 2"" to 144""",Precision,2,5,,6,,4,,,,,in,18,9,7,1.13,Split,1,1.13,1,1.13,
78050878,,"Hole Micrometer (intrimik), 2.0"" thru 2.4""",Precision,9,18,,18,,14,,,,,in,14,12,6,1.17,Split,5,5.83,4,4.67,
78052129,,Chatillion Push Pull Gage Kit,Precision,7,8,,9,,9,,,,,in,24,8,8,1.33,Split,4,5.33,3,4,
79003120,X,2100 GPM LUBE OIL HEATER SKID  (120 kW Oil Heater SkidP/N:  POHS-120KW-6INF-480-N4-V),Oil Flush,1,2,X,2,X,1,X,X,,1,in,133,43,72,39.72,PSC,1,39.72,,0,
78052259,,"Hole Micrometer (intrimik), 2.4 thru 2.8""",Precision,4,8,,7,,3,,,,,in,14,12,13,1.17,Split,2,2.33,1,1.17,
7800115,,"4.6 X 1 TORQUE MULTIPLIER, 8000 lbs",Precision,2,0,X,0,X,0,X,X,X,1,in,32,9,9,2,Split,1,2,1,2,
78044641,,6 Foot Long Feeler Gauge Set,Precision,2,1,X,1,X,0,X,X,X,1,in,74,6,3,3.08,Split,1,3.08,1,3.08,
78054584,,Load Cell Kit (2 Million Pounds),Precision,1,0,X,0,X,0,X,X,,1,in,40,21,17,5.83,Split,1,5.83,0,0,
78059079,,"Hole Micrometer, 1.2""  thru 1.6""",Precision,1,2,X,0,X,1,X,X,,1,in,14,12,6,1.17,Split,1,1.17,0,0,
78059113,,"Dynamometer, FSS Pipe Spring Hanger (10 Ton) capacity, with remote reader (FSS Use Only)",Precision,2,2,X,1,X,1,X,X,,1,in,18,12,9,1.5,Split,1,1.5,1,1.5,
78069959,,"Hole Micrometer (Intrimik) 2.8"" thru 3.2""",Precision,5,6,,11,,9,,,,,in,14,12,6,1.17,Split,3,3.5,2,2.33,
78079307,,"Electronic Bore Gage, (Hole Micrometer), 1-3/8"" To 2""",Precision,3,4,,4,,4,,,,,in,15,12,8,1.25,Split,2,2.5,1,1.25,
78079309,,"Electronic Bore Gage, (Hole Micrometer) 2"" to 2-5/8""",Precision,3,5,,3,,0,X,,,,in,15,12,8,1.25,Split,2,2.5,1,1.25,
78082317,,Generator Blower Blade Tip Measuring Tool,Precision,2,5,,9,,7,,,,,in,13,11,6,0.99,Split,1,0.99,1,0.99,
78082608,,KN Supplemental Kit,Precision,7,36,,32,,18,,,,,in,31,21,16,4.52,Split,3,13.56,2,9.04,
78061146,,Snap-On FME Tool Kit,Precision,1,2,X,0,X,1,X,X,,1,in,57,33,49,13.06,Split,1,13.06,0,0,
78062310,,Course Thread GO/NO-GO Gage Kit,Precision,4,0,X,0,X,0,X,X,X,2,in,16,9,14,1,Split,2,2,2,2,
78088057,,"Precision Kit for Containerized Type ""A"" Metric Tool Set (78080607)",Precision,2,0,X,0,X,0,X,X,X,1,in,44,24,49,7.33,Split,1,7.33,1,7.33,
79002869,X,Precision kit for Comanche Peak (78044408),Precision,1,0,X,0,X,0,X,X,,1,in,48,48,24,16,Split,1,16,1,16,
79002942,X,Siemens Main Steam Valve Threaded Ring Thread Cleaner for Female Thread Size S400x9 (Kit 1),Precision,2,1,X,0,X,0,X,X,X,1,in,11,10,5,0.76,Split,1,0.76,1,0.76,
79002968,X,Siemens KN/HE Main Steam Valve Threaded Ring Thread Cleaner for Female Thread Size S410x9 (Kit 2),Precision,2,0,X,0,X,0,X,X,X,1,in,11,10,5,0.76,Split,1,0.76,1,0.76,
79002972,X,Siemens KN/HE Main Steam Valve Threaded Ring Thread Cleaner for Female Thread Size S490x9 (Kit 3),Precision,2,6,,4,,0,X,,,,in,11,10,5,0.76,Split,1,0.76,1,0.76,
79002973,X,Siemens KN/HE Main Steam Valve Threaded Ring Thread Cleaner for Female Thread Size S540x9 (Kit 4)),Precision,2,0,X,0,X,0,X,X,X,1,in,11,10,5,0.76,Split,1,0.76,1,0.76,
79002974,X,Siemens KN/HE Main Steam Valve Threaded Ring Thread Cleaner for Female Thread Size S600x9 (Kit 5),Precision,2,6,,4,,0,X,,,,in,11,10,5,0.76,Split,1,0.76,1,0.76,
79002976,X,Siemens KN/HE Main Steam Valve Threaded Ring Thread Cleaner for Female Thread Size S700x9 (Kit 6),Precision,2,0,X,0,X,0,X,X,X,1,in,11,10,5,0.76,Split,1,0.76,1,0.76,
79002977,X,Siemens KN/HE Main Steam Valve Threaded Ring Thread Cleaner for Male Thread Size S400x9 (Kit 7),Precision,2,1,X,0,X,0,X,X,X,1,in,11,10,5,0.76,Split,1,0.76,1,0.76,
79002978,X,Siemens KN/HE Main Steam Valve Threaded Ring Thread Cleaner for Male Thread Size S410x9 (Kit 8),Precision,2,0,X,0,X,0,X,X,X,1,in,11,10,5,0.76,Split,1,0.76,1,0.76,
79002980,X,Siemens Main Steam Valve Threaded Ring Thread Cleaner for Male Thread Size S490x9 (Kit 9),Precision,2,5,,3,,0,X,,,,in,11,10,5,0.76,Split,1,0.76,1,0.76,
79002981,X,Siemens KN/HE Main Steam Valve Threaded Ring Thread Cleaner for Male Thread Size S540x9 (Kit 10),Precision,2,0,X,0,X,0,X,X,X,1,in,11,10,5,0.76,Split,1,0.76,1,0.76,
79002982,X,Siemens KN/HE Main Steam Valve Threaded Ring Thread Cleaner for Male Thread Size S600x9 (Kit 11),Precision,2,5,,3,,0,X,,,,in,11,10,5,0.76,Split,1,0.76,1,0.76,
79002983,X,Siemens KN/HE Main Steam Valve Threaded Ring Thread Cleaner for Male Thread Size S700x9 (Kit 12),Precision,2,0,X,0,X,0,X,X,X,1,in,11,10,5,0.76,Split,1,0.76,1,0.76,
79003365,X,"N Turbine, H Wall Dowel Removal Tool PH6D003059",Precision,1,0,X,0,X,0,X,X,,1,in,12,12,12,1,Split,1,1,0,0,
79005019,X,"Blue Tooth (Wireless) 1"" Dial Indicator Kit (made to order contact Atlanta Tool Depot)",Precision,2,7,,1,X,0,X,,,,in,23,15,10,2.4,Split,1,2.4,0,0,
79000746,X,"Borescope, Viewtech VJ-3 Fully Articulating Video w/6.0MM x 3M Diameter Insertion Tube,  Carrying Case & Accessories",,4,0,X,0,X,0,X,X,X,,,,,,0,,,0,,0,
79006532,X,"SETTLING TABLE, ASSEMBLY DEVICE, COMPRESSOR BEARING AREA, P0059166100",,1,1,X,0,X,0,X,X,,,,,,,0,,,0,,0,
7800097,,"2.2"" SLANT TUBE MANOMETER",,1,0,X,0,X,0,X,X,,,,,,,0,,,0,,0,
7800152,,BB296 CYLINDER COVER FLIPPING RIGGING SET,,1,0,X,0,X,0,X,X,,,,,,,0,,,0,,0,
7800153,,BB296 CYLINDER VALVE STUD TENSIONER KIT,,2,0,X,0,X,0,X,X,X,,,,,,0,,,0,,0,
7800236,,FRESH AIR BREATHING APPARATUS,,5,0,X,0,X,0,X,X,X,,,,,,0,,,0,,0,
7800242,,GEN. RETAINER RING REMOVAL & INSTALLATION SET W501,,1,0,X,0,X,0,X,X,,,,,,,0,,,0,,0,
7800259,,GENERATOR RETAINING RING R&I MODULAR TOOL KIT,,1,0,X,0,X,0,X,X,,,,,,,0,,,0,,0,
7800273,,HB-832 Motor-Driven Hydraulic Tube / Pipe Bender,,1,0,X,0,X,0,X,X,,,,,,,0,,,0,,0,
7800359,,"Pall Filter Assembly, FSS Use Only, For Hydraulic Control Oil Only",,1,0,X,0,X,0,X,X,,,,,,,0,,,0,,0,
7800432,,TRANSPOSITION TEST SET 50/60AMP,,2,5,,9,,11,,,,,,,,,0,,,0,,0,
78005909,,"TRANSFORMER, THREE PHASE FIXED 480-120VAC 1.5 KVA (18-289E01)",,1,0,X,0,X,0,X,X,,,,,,,0,,,0,,0,
78005912,,"TRANSFORMER, THREE PHASE FIXED, 480-120VAC 1 KVA  (18-289E03)",,1,0,X,0,X,0,X,X,,,,,,,0,,,0,,0,
78006024,,SIFCO Chemical Kit for combination Copper &  Aluminum Plating,,9,0,X,0,X,0,X,X,X,,,,,,0,,,0,,0,
78011484,,Pilgrim Abacus Sure Fit Training Tool Kit,,1,0,X,0,X,0,X,X,,,,,,,0,,,0,,0,
78043120,,"Printer, DeskJet 340 Black and white",,1,0,X,0,X,0,X,X,,,,,,,0,,,0,,0,
78046879,,Proxima Multimedia Projector Kit,,1,0,X,0,X,0,X,X,,,,,,,0,,,0,,0,
78051544,,8000H FME Supplemental Kit,,3,4,,1,X,1,X,,,,,,,,0,,,0,,0,
78051601,,"8000H Hydraulic Wrench Kit, Hytorc",,4,6,,0,X,0,X,,,,,,,,0,,,0,,0,
78052375,,8000H Combustor Inspection Kit,,4,5,,0,X,0,X,,X,,,,,,0,,,0,,0,
78052572,,8000H FME Cover Plate Kit,,3,2,X,0,X,0,X,X,X,,,,,,0,,,0,,0,
78053190,,Specific Metric Tooling Kit For 13.9m2 and 18.9m2 Units,,1,0,X,0,X,0,X,X,,,,,,,0,,,0,,0,
78054250,,8000H Pipejack Kit (Also Seen New Style Stand 78078559),,2,2,X,0,X,0,X,X,,,,,,,0,,,0,,0,
78054544,,"8000H CVC3 Dummy Blade Ring Kit, DPPPG-70006784 (P0003201100)",,2,0,X,0,X,0,X,X,X,,,,,,0,,,0,,0,
78054853,,"A-1 GT/ST Commissioning Tool Kit TFA, Without Druck Calibrator",,1,0,X,0,X,0,X,X,,,,,,,0,,,0,,0,
78055430,,8000H Avit Fuel Piping Lapping Tool Kit,,5,9,,0,X,0,X,,,,,,,,0,,,0,,0,
78056567,,"8000H Rotor Lifting Beam Kit, 125 Ton, 68KH00-TLD20-A01-A01, P0001486600",,1,0,X,0,X,0,X,X,,,,,,,0,,,0,,0,
78057163,,"8000H Device for CED Internal / External Transportation Kit, 68KH00-TLD19-A02-A01",,5,1,X,0,X,0,X,X,X,,,,,,0,,,0,,0,
78058544,,"8000H Bolt Tensioning Kit, TLD08",,6,2,X,0,X,0,X,X,X,,,,,,0,,,0,,0,
78058907,,8000H Bladers Kit,,3,0,X,0,X,0,X,X,X,,,,,,0,,,0,,0,
78059498,,"8000H Turbine Bearing Assembly Device, 68KH00-TLC25-A01-A01, PG0041053600",,2,1,X,0,X,0,X,X,X,,,,,,0,,,0,,0,
78062175,,"8000H Casing Lifting Load Ring Kit, TLD20",,2,1,X,0,X,0,X,X,X,,,,,,0,,,0,,0,
78063378,,"8000H TVC Assembly Stand Kit, TLD35, SE-HFSP-524",,2,2,X,0,X,0,X,X,,,,,,,0,,,0,,0,
78063540,,"8000H TVC Dummy Blade Ring Kit, Order 1ea of New Ken SKUs 78067258 “Tap.M80 x 6,Bottom Style”, 78003455 “Tap, Metric M45 x 4.5-Plug” and 78060319 “Tap Set,M30 x 1.5,Starter, Plug,Bottom”",,2,1,X,0,X,0,X,X,X,,,,,,0,,,0,,0,
78063597,,8000H Casing Jacking Kit,,3,4,,0,X,0,X,,,,,,,,0,,,0,,0,
78063730,,"8000H Tab Bending Device, Rotor Seal Plates Kit",,2,0,X,0,X,0,X,X,X,,,,,,0,,,0,,0,
78065522,,"Diaphragm Rack Kit Per TL-5060 - ""Siemens Demag Use Only""  4800Lb. Capacity",,1,0,X,0,X,0,X,X,,,,,,,0,,,0,,0,
78065769,,"8000H/9000HL Battery Powered Torque Gun, Hytorc (for 8000H/9000HL use only) Contains Lithium Ion Battery",,5,2,X,0,X,0,X,X,X,,,,,,0,,,0,,0,
78065826,,RLA TD Parallel Ring Flow Test Kit,,1,0,X,0,X,0,X,X,,,,,,,0,,,0,,0,
78067164,,"8000H Rotor Position Measurement Device, 68KH00-TLM45-A01-A01",,5,2,X,0,X,0,X,X,X,,,,,,0,,,0,,0,
78067309,,"8000H Plug Removal Tool Kit, PG0041860200 & P0000611300",,4,3,,0,X,0,X,,X,,,,,,0,,,0,,0,
78067918,,"Inner Ring Lifting Brackets, VGV, IGV, 8000H, DPTLG-70002925",,3,5,,3,,0,X,,,,,,,,0,,,0,,0,
78068161,,8000H Blade Tip Measuring Tool Kit - PRIMARY LITHIUM BATTERIES INSTALLED IN EQUIPMENT,,2,3,,0,X,0,X,,,,,,,,0,,,0,,0,
78068610,,8000H Transition and Basket Pallet Kit,,2,1,X,0,X,0,X,X,X,,,,,,0,,,0,,0,
78070023,,8000H Row 1 Vane Displacement Device,,3,2,X,0,X,0,X,X,X,,,,,,0,,,0,,0,
78071260,,"8000H Spool Piece Hydraulic Torque Wrench Kit, Plarad",,1,0,X,0,X,0,X,X,,,,,,,0,,,0,,0,
78071264,,8000H Fall Arrest Kit,,3,0,X,0,X,0,X,X,X,,,,,,0,,,0,,0,
78071573,,"8000H Rotor Rolling Kit, SPG-100-1260",,1,1,X,0,X,0,X,X,,,,,,,0,,,0,,0,
78071589,,"8000H Transition Measurement Radial Kit, PG0031791300",,4,1,X,0,X,0,X,X,X,,,,,,0,,,0,,0,
78073058,,8000H Test Device Locking Preswirler Kit,,2,1,X,0,X,0,X,X,X,,,,,,0,,,0,,0,
78078559,,"8000H 1/2 Ton, 80"" Support Stand Kit",,3,0,X,0,X,0,X,X,X,,,,,,0,,,0,,0,
78079109,,8000H Compressor Blade Cover Kit,,3,3,,0,X,0,X,,X,,,,,,0,,,0,,0,
78079710,,8000H VGV 2-3 Puller Kit (Prototype),,1,0,X,0,X,0,X,X,,,,,,,0,,,0,,0,
78085140,,8000H CVC1 RIRO Kit (Roll In Roll Out),,3,3,,0,X,0,X,,X,,,,,,0,,,0,,0,
78089407,,Human Performance Fall Protection Kit,,2,0,X,0,X,0,X,X,X,,,,,,0,,,0,,0,
78089958,,"8000H Single Shaft Maintenance Casing Support Kit, TLD05, DPPPG-70067395 P0025523100",,1,1,X,0,X,0,X,X,,,,,,,0,,,0,,0,
78091464,,"13.9m2 Inner Cylinder Jacking kit for Westinghouse BB81 Turbines Per Dwg #PH6D002901, LP Inner Cylinder Alignment Tooling",,1,0,X,0,X,0,X,X,,,,,,,0,,,0,,0,
78095358,,Test kit for old system migration,,1,0,X,0,X,0,X,X,,,,,,,0,,,0,,0,
7900000116,X,Nylon and Wire Rope Sling Kit for the Metric B Set (78087958),,2,0,X,0,X,0,X,X,X,,,,,,0,,,0,,0,
79000547,X,Modified  Tensioners for LP80 / 81R Inner Casings,,2,0,X,0,X,0,X,X,X,,,,,,0,,,0,,0,
79002658,X,SGT6-8000H CED R1 Cutback Kit,,1,0,X,0,X,0,X,X,,,,,,,0,,,0,,0,
79003870,X,"8000H Trolley Extension, TLC21, SE-HFSP-426, P0001315400",,2,2,X,0,X,0,X,X,,,,,,,0,,,0,,0,
79005168,X,"FRAME, SGT6-8000H TVC Dummy Blade Ring Kit, 68KH00-TLD56-A01-A02 ITEM 80, DPPPG-70002190",,2,0,X,0,X,0,X,X,X,,,,,,0,,,0,,0,
79005375,X,HYDROGEN GLAND SEAL HOLDER FOR TOSHIBA SYTLE UNITS-PH6D003068,,1,0,X,0,X,0,X,X,,,,,,,0,,,0,,0,
79006164,X,8000H Compressor Bearing Area Assembly Device Site Specific Supplemental Kit(BOM P0001315400),,1,0,X,0,X,0,X,X,,,,,,,0,,,0,,0,
79006166,X,8000H Compressor Bearing Area Assembly Device Kit  (BOM P0045395400),,1,0,X,0,X,0,X,X,,,,,,,0,,,0,,0,
79006172,X,8000H Compressor Bearing Area Assembly Device Site Specific Supplemental Kit(BOM P0001315400),,1,1,X,0,X,0,X,X,,,,,,,0,,,0,,0,
79006173,X,8000H Compressor Bearing Area Assembly Device Kit  (BOM P0028305900 ),,1,1,X,0,X,0,X,X,,,,,,,0,,,0,,0,
79006187,X,"Rental from Hutter Putter Rotor Turning Panel, W Remote control (3 month",,1,1,X,0,X,0,X,X,,,,,,,0,,,0,,0,
79006206,X,"SIEMENS COUPLING BOLT WRENCH, 70MM, PER DWG PH6D003251",,1,0,X,0,X,0,X,X,,,,,,,0,,,0,,0,
79006237,X,8000H Rotor Lifting Beam with Motorized CG System,,1,2,X,0,X,0,X,X,,,,,,,0,,,0,,0,
79006243,X,Mike Cochran job boxes box 1 of 2 Dim 32x19x19 370lbs  box 2 of 2 Dim 32x19x19 370lbs,,1,2,X,0,X,0,X,X,,,,,,,0,,,0,,0,
79006272,X,"GROUND FAULT KIT  VENDOR RENTAL - Rental from BOSS LTR,- 50kva, 1ph, 60hz 480v Primary to 120/240v",,7,1,X,0,X,0,X,X,X,,,,,,0,,,0,,0,
79006305,X,"GROUND FAULT KIT  VENDOR RENTAL - Rental from BOSS Inc, Model#    TDS-GFCI/25KVA/10C/480v-120v, 1ph",,4,1,X,0,X,0,X,X,X,,,,,,0,,,0,,0,
79006333,X,"SGT6-8000H CVC2 Roll-out kit, SE-HFSP-384",,1,2,X,0,X,0,X,X,,,,,,,0,,,0,,0,
79006334,X,"SGT6-8000H CVC4 Roll-out kit, SE-HFSP-385",,1,3,,0,X,0,X,,,,,,,,0,,,0,,0,
79006424,X,Siemens KN Combined Journal/Thrust Bearing Roll Out Tool Kit: SBRB 910,,2,4,,0,X,0,X,,,,,,,,0,,,0,,0,
79006521,X,Siemens KN Combined Journal/Thrust Bearing Roll Out Tool Kit: SBRB 740,,1,1,X,0,X,0,X,X,,,,,,,0,,,0,,0,
79006524,X,SIEMENS MAD12/13 BEARING ROLLING BRACKET ASSEMBLY: SBRB 760,,1,0,X,0,X,0,X,X,,,,,,,0,,,0,,0,
79006526,X,Siemens KN Sleeve Journal Bearing Roll Out Tool Kit: SBRB 830,,1,2,X,0,X,0,X,X,,,,,,,0,,,0,,0,
79006535,X,"Settling Table, Assembly Device, Compressor Bearing Area, P0028172000",,1,1,X,0,X,0,X,X,,,,,,,0,,,0,,0,
79006555,X,Siemens Foundation Bolt Tensioning Kit (Rental from Hydratight/Enerpac),,1,2,X,0,X,0,X,X,,,,,,,0,,,0,,0,
79006569,X,"Siemens Foundation Bolt Tensioning Kit, Supplemental (Rental Hydratight/Enerpac 2week LT) *Kit to work on M42x4.5 foundation bolts",,1,1,X,0,X,0,X,X,,,,,,,0,,,0,,0,
79006572,X,1/4-Ton Chain Hoist kit,,4,3,,0,X,0,X,,X,,,,,,0,,,0,,0,
79006630,X,"Borescope, 4mm X 1m, USAVS 4-4-1500 (use with 84 V Burner Kit  only)",,3,3,,0,X,0,X,,X,,,,,,0,,,0,,0,
79007082,X,Dummy Shear Pin Kit for Coupling Bolts SGT6-8000H,,1,0,X,0,X,0,X,X,,,,,,,0,,,0,,0,
79007237,X,Portable Pipe Threader Tool Kit,,2,1,X,0,X,0,X,X,X,,,,,,0,,,0,,0,
79007330,X,Siemens KN Mad11 Bearing Elevation and Loading Tooling Dwg PH6D003397,,1,2,X,0,X,0,X,X,,,,,,,0,,,0,,0,
79007713,X,Ridgid B-500 Pipe Bevelling Kit,,1,0,X,0,X,0,X,X,,,,,,,0,,,0,,0,
79007729,X,Electrician Tool Kit,,1,0,X,0,X,0,X,X,,,,,,,0,,,0,,0,
79007910,X,"Welder, XMT 350 FieldPro, 4-Pack",,1,0,X,0,X,0,X,X,,,,,,,0,,,0,,0,
79008081,X,8000H Outer Casing Flipping Bracket Kit,,1,0,X,0,X,0,X,X,,,,,,,0,,,0,,0,
79008085,X,BB281 LP Rotor Support System Kit for 13.9m2 per DWG# PH6D003556 Rev1,,2,0,X,0,X,0,X,X,X,,,,,,0,,,0,,0,
79008092,X,SIEMENS KN MAD11 BEARING SEAT ALIGNMENT TOOL; PH6D003324,,1,0,X,0,X,0,X,X,,,,,,,0,,,0,,0,
79008210,X,Siemens KN MAD12/13 Pedestal Stairs (Curley Covers),,1,0,X,0,X,0,X,X,,,,,,,0,,,0,,0,
